direction,entry_price,entry_time,exit_price,exit_time,pnl,r_multiple,reason,risk_price,stop_loss,take_profit,window
SELL,4726.64,2026-05-12 07:20:00,4715.785848599916,2026-05-12 07:50:00,249.99999999999633,2.4999999999999636,TP,4.3416605600338425,4730.9816605600345,4715.785848599916,1
SELL,4713.58,2026-05-12 08:00:00,4718.103075143311,2026-05-12 08:00:00,-102.5000000000036,-1.0000000000000353,SL,4.523075143310802,4718.103075143311,4702.272312141723,1
SELL,4710.99,2026-05-12 08:10:00,4716.052039281732,2026-05-12 08:20:00,-101.47499999999086,-0.9999999999999107,SL,5.0620392817322655,4716.052039281732,4698.334901795669,1
SELL,4715.07,2026-05-12 08:30:00,4719.660190647791,2026-05-12 08:30:00,-100.46024999999544,-0.9999999999999545,SL,4.590190647791341,4719.660190647791,4703.594523380521,1
SELL,4716.13,2026-05-12 08:40:00,4704.129844139327,2026-05-12 09:00:00,248.6391187500018,2.5000000000000164,TP,4.800062344269068,4720.93006234427,4704.129844139327,1
SELL,4705.02,2026-05-12 09:15:00,4692.238192865489,2026-05-12 10:00:00,254.8550967187473,2.499999999999971,TP,5.112722853804794,4710.132722853805,4692.238192865489,1
SELL,4694.52,2026-05-12 10:10:00,4700.423920983919,2026-05-12 10:40:00,-104.49058965468959,-1.0000000000000195,SL,5.903920983918281,4700.423920983919,4679.760197540205,1
SELL,4699.51,2026-05-12 10:50:00,4704.389898797419,2026-05-12 11:00:00,-103.44568375813273,-0.9999999999999234,SL,4.879898797419092,4704.389898797419,4687.3102530064525,1
SELL,4699.78,2026-05-12 11:15:00,4704.684879373531,2026-05-12 11:45:00,-102.41122692055248,-0.999999999999933,SL,4.904879373531331,4704.684879373531,4687.517801566171,1
SELL,4701.28,2026-05-12 12:05:00,4705.475892305377,2026-05-12 13:05:00,-101.38711465136156,-1.0000000000000764,SL,4.195892305376808,4705.475892305377,4690.790269236558,1
SELL,4700.79,2026-05-12 13:20:00,4688.837258031643,2026-05-12 13:35:00,250.93310876210103,2.5000000000000058,TP,4.781096787342893,4705.571096787343,4688.837258031643,1
SELL,4690.91,2026-05-12 13:45:00,4696.244234953187,2026-05-12 14:10:00,-102.88257459245365,-0.9999999999999266,SL,5.334234953187143,4696.244234953187,4677.574412617032,1
SELL,4693.57,2026-05-12 14:25:00,4698.805340871383,2026-05-12 14:25:00,-101.85374884654017,-1.0000000000000344,SL,5.235340871383234,4698.805340871383,4680.481647821542,1
SELL,4696.2,2026-05-12 15:25:00,4701.7292126939965,2026-05-12 15:35:00,-100.83521135807923,-1.0000000000000793,SL,5.529212693996231,4701.7292126939965,4682.376968265009,1
SELL,4696.04,2026-05-12 16:05:00,4678.490472412881,2026-05-12 16:55:00,249.56714811122941,2.5000000000000324,TP,7.019811034847499,4703.059811034847,4678.490472412881,1
SELL,4690.41,2026-05-12 17:05:00,4668.388942376406,2026-05-12 18:00:00,255.80632681401178,2.500000000000047,TP,8.808423049437458,4699.218423049438,4668.388942376406,1
SELL,4672.61,2026-05-12 18:10:00,4652.681494904131,2026-05-12 18:20:00,262.2014849843605,2.500000000000031,TP,7.971402038347415,4680.581402038347,4652.681494904131,1
SELL,4655.88,2026-05-12 18:30:00,4665.566638213693,2026-05-12 18:35:00,-107.50260884358546,-0.9999999999999902,SL,9.68663821369328,4665.566638213693,4631.663404465767,1
SELL,4665.56,2026-05-12 18:45:00,4674.789629794273,2026-05-12 19:15:00,-106.42758275515548,-1.0000000000000455,SL,9.229629794272602,4674.789629794273,4642.485925514319,1
SELL,4667.82,2026-05-12 19:25:00,4675.1075295580895,2026-05-12 20:00:00,-105.3633069276032,-1.000000000000039,SL,7.287529558089488,4675.1075295580895,4649.601176104776,1
SELL,4700.25,2026-05-13 05:30:00,4687.9460248442,2026-05-13 05:55:00,260.7741846458079,2.500000000000003,TP,4.92159006231995,4705.17159006232,4687.9460248442,1
SELL,4692.54,2026-05-13 06:05:00,4697.453661465446,2026-05-13 06:25:00,-106.91741570477139,-0.9999999999999089,SL,4.913661465446687,4697.453661465446,4680.255846336383,1
SELL,4697.1,2026-05-13 06:55:00,4701.394289302971,2026-05-13 07:15:00,-105.84824154773516,-1.0000000000000164,SL,4.294289302970285,4701.394289302971,4686.3642767425745,1
SELL,4698.44,2026-05-13 07:45:00,4702.240211024902,2026-05-13 08:00:00,-104.78975913225186,-0.9999999999999598,SL,3.80021102490279,4702.240211024902,4688.939472437743,1
SELL,4701.05,2026-05-13 08:20:00,4704.959769219224,2026-05-13 08:55:00,-103.74186154093287,-0.9999999999999936,SL,3.909769219223588,4704.959769219224,4691.275576951941,1
SELL,4700.24,2026-05-13 11:10:00,4690.474037089992,2026-05-13 12:15:00,256.76110731380845,2.4999999999999805,TP,3.9063851640032534,4704.146385164003,4690.474037089992,1
SELL,4688.69,2026-05-13 12:30:00,4692.768873107941,2026-05-13 12:40:00,-105.27205399866334,-1.00000000000001,SL,4.078873107940995,4692.768873107941,4678.492817230147,1
SELL,4696.06,2026-05-13 13:35:00,4700.622555207024,2026-05-13 14:30:00,-104.21933345867762,-1.0000000000000189,SL,4.562555207023165,4700.622555207024,4684.653611982442,1
SELL,4697.22,2026-05-13 15:00:00,4700.901728011458,2026-05-13 15:05:00,-103.17714012408953,-1.0000000000000062,SL,3.6817280114573574,4700.901728011458,4688.015679971357,1
SELL,4693.64,2026-05-13 15:15:00,4683.887042236542,2026-05-13 15:25:00,255.3634218071281,2.50000000000008,TP,3.901183105383337,4697.541183105383,4683.887042236542,1
SELL,4682.66,2026-05-13 15:45:00,4687.810943212664,2026-05-13 16:00:00,-104.69900294091379,-0.9999999999999477,SL,5.1509432126643295,4687.810943212664,4669.782641968339,1
SELL,4686.25,2026-05-13 16:10:00,4691.580560756418,2026-05-13 16:15:00,-103.65201291150797,-0.9999999999999791,SL,5.330560756418092,4691.580560756418,4672.923598108955,1
SELL,4688.55,2026-05-13 16:30:00,4675.190023312939,2026-05-13 16:35:00,256.538731955984,2.499999999999965,TP,5.3439906748245285,4693.893990674825,4675.190023312939,1
SELL,4678.39,2026-05-13 16:45:00,4684.632386119749,2026-05-13 17:25:00,-105.18088010195704,-1.0000000000000209,SL,6.242386119748387,4684.632386119749,4662.7840347006295,1
SELL,4683.81,2026-05-13 17:45:00,4690.488963344218,2026-05-13 18:10:00,-104.1290713009314,-0.9999999999999626,SL,6.678963344217913,4690.488963344218,4667.112591639456,1
SELL,4687.71,2026-05-13 21:05:00,4692.013617560545,2026-05-13 21:10:00,-103.08778058793133,-1.000000000000052,SL,4.303617560544584,4692.013617560545,4676.950956098639,1
SELL,4690.62,2026-05-13 21:20:00,4680.4350257101705,2026-05-13 21:45:00,255.14225695512323,2.5000000000000644,TP,4.073989715931643,4694.693989715932,4680.4350257101705,1
SELL,4686.84,2026-05-13 21:55:00,4691.383636757374,2026-05-13 23:20:00,-104.60832535159962,-1.0000000000000167,SL,4.543636757373785,4691.383636757374,4675.480908106566,1
SELL,4688.7,2026-05-13 23:50:00,4691.646310420089,2026-05-14 01:00:00,-103.56224209808524,-1.0000000000000322,SL,2.946310420089408,4691.646310420089,4681.334223949776,1
SELL,4685.51,2026-05-14 04:55:00,4691.561163252358,2026-05-14 05:00:00,-102.52661967709498,-0.9999999999999407,SL,6.0511632523579415,4691.561163252358,4670.382091869105,1
SELL,4690.61,2026-05-14 05:10:00,4696.545060373699,2026-05-14 05:30:00,-101.50135348033356,-1.0000000000000342,SL,5.935060373699141,4696.545060373699,4675.772349065752,1
SELL,4691.5,2026-05-14 05:45:00,4677.813162022508,2026-05-14 06:40:00,251.21584986382146,2.5000000000000453,TP,5.474735190996845,4696.974735190996,4677.813162022508,1
SELL,4676.61,2026-05-14 06:50:00,4682.294618416391,2026-05-14 07:10:00,-102.99849844416919,-1.0000000000000409,SL,5.684618416391226,4682.294618416391,4662.398453959022,1
SELL,4683.14,2026-05-14 07:20:00,4688.39335925,2026-05-14 07:20:00,-101.96851345972463,-1.000000000000013,SL,5.25335924999938,4688.39335925,4670.006601875002,1
SELL,4691.99,2026-05-14 14:30:00,4695.966638105363,2026-05-14 14:40:00,-100.94882832512468,-0.9999999999999863,SL,3.97663810536329,4695.966638105363,4682.048404736592,1
SELL,4682.52,2026-05-14 16:40:00,4688.844992601688,2026-05-14 16:45:00,-99.93934004186768,-0.9999999999999288,SL,6.324992601688332,4688.844992601688,4666.707518495779,1
SELL,4685.09,2026-05-14 16:55:00,4692.869132196031,2026-05-14 17:15:00,-98.9399466414577,-1.0000000000000158,SL,7.779132196031118,4692.869132196031,4665.6421695099225,1
SELL,4691.29,2026-05-14 17:30:00,4672.380120560172,2026-05-14 19:35:00,244.87636793760774,2.50000000000004,TP,7.563951775931007,4698.853951775931,4672.380120560172,1
SELL,4675.2,2026-05-14 19:45:00,4679.980141529161,2026-05-14 20:00:00,-100.39931085442147,-1.0000000000000382,SL,4.7801415291613,4679.980141529161,4663.249646177097,1
SELL,4679.96,2026-05-14 20:10:00,4669.097129019963,2026-05-14 21:00:00,248.4882943646879,2.5000000000000444,TP,4.345148392014667,4684.305148392014,4669.097129019963,1
SELL,4671.92,2026-05-14 21:10:00,4675.914687179726,2026-05-14 21:15:00,-101.88020068952379,-1.0000000000000344,SL,3.9946871797254504,4675.914687179726,4661.933282050686,1
SELL,4674.67,2026-05-14 21:25:00,4665.4504320937895,2026-05-14 22:25:00,252.15349670656107,2.499999999999985,TP,3.687827162484268,4678.357827162485,4665.4504320937895,1
SELL,4664.38,2026-05-14 22:35:00,4656.434724984328,2026-05-14 22:40:00,258.45733412422396,2.4999999999999747,TP,3.1781100062690126,4667.558110006269,4656.434724984328,1
SELL,4650.59,2026-05-14 23:45:00,4654.128119078985,2026-05-15 01:05:00,-105.96750699093757,-1.000000000000044,SL,3.5381190789847357,4654.128119078985,4641.744702302538,1
SELL,4655.36,2026-05-15 01:15:00,4658.965955598527,2026-05-15 01:15:00,-104.90783192102228,-0.9999999999999882,SL,3.6059555985275864,4658.965955598527,4646.34511100368,1
SELL,4658.83,2026-05-15 02:15:00,4661.76597650089,2026-05-15 02:25:00,-103.85875360180333,-0.999999999999904,SL,2.9359765008906016,4661.76597650089,4651.490058747773,1
SELL,4650.85,2026-05-15 02:35:00,4654.994648189347,2026-05-15 02:40:00,-102.82016606578905,-0.9999999999999396,SL,4.144648189346549,4654.994648189347,4640.488379526634,1
SELL,4654.19,2026-05-15 02:50:00,4643.186882223037,2026-05-15 03:00:00,254.47991101283455,2.4999999999999125,TP,4.401247110785125,4658.591247110785,4643.186882223037,1
SELL,4650.49,2026-05-15 03:10:00,4655.343652872009,2026-05-15 03:15:00,-104.33676351525932,-0.9999999999999387,SL,4.853652872009959,4655.343652872009,4638.355867819975,1
SELL,4644.42,2026-05-15 03:25:00,4630.528222157611,2026-05-15 03:25:00,258.2334897002912,2.500000000000081,TP,5.55671113695553,4649.976711136956,4630.528222157611,1
SELL,4627.44,2026-05-15 03:50:00,4610.828676462124,2026-05-15 04:05:00,264.68932694279033,2.5000000000000018,TP,6.644529415150095,4634.0845294151495,4610.828676462124,1
SELL,4613.73,2026-05-15 04:15:00,4621.833622876888,2026-05-15 04:20:00,-108.52262404654688,-1.0000000000000269,SL,8.10362287688782,4621.833622876888,4593.47094280778,1
SELL,4608.88,2026-05-15 04:30:00,4617.652656508937,2026-05-15 04:35:00,-107.43739780608081,-1.0000000000000218,SL,8.772656508936771,4617.652656508937,4586.948358727658,1
SELL,4622.62,2026-05-15 04:45:00,4601.528950118318,2026-05-15 08:00:00,265.90755957004626,2.5000000000000195,TP,8.436419952672738,4631.0564199526725,4601.528950118318,1
SELL,4592.93,2026-05-15 08:10:00,4578.774223867461,2026-05-15 08:30:00,272.555248559287,2.4999999999999236,TP,5.662310453015916,4598.592310453017,4578.774223867461,1
SELL,4567.08,2026-05-15 09:10:00,4575.256522311847,2026-05-15 09:15:00,-111.74765190930826,-0.9999999999999755,SL,8.176522311847494,4575.256522311847,4546.638694220381,1
SELL,4574.99,2026-05-15 09:25:00,4582.967940786854,2026-05-15 10:10:00,-110.63017539021732,-0.9999999999999946,SL,7.977940786854604,4582.967940786854,4555.045148032863,1
SELL,4578.74,2026-05-15 10:35:00,4561.644253098862,2026-05-15 11:00:00,273.8096840907863,2.499999999999972,TP,6.838298760455368,4585.578298760455,4561.644253098862,1
SELL,4566.31,2026-05-15 11:10:00,4548.878777913371,2026-05-15 12:10:00,280.6549261930618,2.5000000000000244,TP,6.972488834651744,4573.282488834652,4548.878777913371,1
SELL,4546.48,2026-05-15 12:20:00,4553.717913047049,2026-05-15 12:25:00,-115.06851973915825,-1.0000000000000349,SL,7.237913047048753,4553.717913047049,4528.385217382378,1
SELL,4553.24,2026-05-15 12:35:00,4536.191334762786,2026-05-15 12:50:00,284.79458635440454,2.4999999999999813,TP,6.819466094885552,4560.0594660948855,4536.191334762786,1
SELL,4546.23,2026-05-15 13:00:00,4553.506559571101,2026-05-15 13:05:00,-116.76578040530218,-0.9999999999999613,SL,7.276559571101925,4553.506559571101,4528.038601072245,1
SELL,4551.57,2026-05-15 13:30:00,4558.693015913175,2026-05-15 13:45:00,-115.5981226012482,-0.9999999999999527,SL,7.123015913175887,4558.693015913175,4533.76246021706,1
SELL,4559.1,2026-05-15 14:35:00,4543.22727645662,2026-05-15 16:00:00,286.1053534381046,2.5000000000000147,TP,6.3490894173522605,4565.449089417352,4543.22727645662,1
SELL,4537.99,2026-05-15 16:10:00,4545.459294412569,2026-05-15 16:10:00,-117.30319490961604,-0.9999999999999472,SL,7.4692944125694645,4545.459294412569,4519.316763968576,1
SELL,4550.69,2026-05-15 16:20:00,4530.889607707599,2026-05-15 16:35:00,290.3254074013138,2.499999999999988,TP,7.920156916960369,4558.61015691696,4530.889607707599,1
SELL,4518.62,2026-05-15 16:45:00,4527.399961273891,2026-05-15 16:45:00,-119.03341703454213,-1.0000000000000244,SL,8.779961273890661,4527.399961273891,4496.670096815274,1
SELL,4534.42,2026-05-15 16:55:00,4543.922823751467,2026-05-15 17:10:00,-117.84308286419541,-1.0000000000000135,SL,9.502823751466947,4543.922823751467,4510.662940621332,1
SELL,4547.36,2026-05-15 18:20:00,4556.511730259687,2026-05-15 20:10:00,-116.66465203554633,-0.9999999999999528,SL,9.151730259688042,4556.511730259687,4524.48067435078,1
SELL,4549.81,2026-05-15 22:25:00,4554.014952974462,2026-05-15 22:35:00,-115.49800551519033,-0.9999999999999476,SL,4.204952974461996,4554.014952974462,4539.297617563845,1
SELL,4553.29,2026-05-15 22:45:00,4543.128912048131,2026-05-15 23:00:00,285.85756365009945,2.4999999999998974,TP,4.0644351807479175,4557.354435180748,4543.128912048131,1
SELL,4538.1,2026-05-15 23:15:00,4542.276091180167,2026-05-15 23:30:00,-117.20160109653283,-0.9999999999998922,SL,4.176091180167073,4542.276091180167,4527.659772049583,1
SELL,4540.57,2026-05-15 23:40:00,4544.545716967926,2026-05-18 01:00:00,-116.02958508558541,-1.0000000000000453,SL,3.9757169679258384,4544.545716967926,4530.630707580185,1
SELL,4545.2,2026-05-18 01:20:00,4550.349375773991,2026-05-18 01:30:00,-114.86928923472611,-1.000000000000016,SL,5.149375773990786,4550.349375773991,4532.326560565023,1
SELL,4545.93,2026-05-18 02:00:00,4531.4052583164275,2026-05-18 03:00:00,284.3014908559373,2.499999999999954,TP,5.8098966734292095,4551.73989667343,4531.4052583164275,1
SELL,4526.08,2026-05-18 03:15:00,4532.694624579183,2026-05-18 03:20:00,-116.56361125093987,-1.00000000000003,SL,6.61462457918313,4532.694624579183,4509.543438552042,1
SELL,4514.52,2026-05-18 04:00:00,4525.477729971038,2026-05-18 04:45:00,-115.39797513842663,-0.9999999999999968,SL,10.95772997103726,4525.477729971038,4487.125675072407,1
SELL,4526.64,2026-05-18 06:35:00,4535.263355359407,2026-05-18 06:35:00,-114.24399538703885,-0.999999999999966,SL,8.623355359406853,4535.263355359407,4505.081611601483,1
SELL,4538.14,2026-05-18 13:40:00,4542.939627013508,2026-05-18 13:40:00,-113.10155543316195,-0.9999999999999081,SL,4.799627013507675,4542.939627013508,4526.140932466231,1
SELL,4540.23,2026-05-18 14:00:00,4545.114350716701,2026-05-18 14:30:00,-111.9705398788426,-1.0000000000000167,SL,4.88435071670111,4545.114350716701,4528.019123208247,1
SELL,4536.53,2026-05-18 18:20:00,4545.566128994991,2026-05-18 18:55:00,-110.85083448005543,-1.0000000000000282,SL,9.036128994991232,4545.566128994991,4513.9396775125215,1
SELL,4541.37,2026-05-18 19:05:00,4548.474358776029,2026-05-18 19:10:00,-109.74232613525756,-1.000000000000053,SL,7.104358776028299,4548.474358776029,4523.609103059929,1
SELL,4546.47,2026-05-18 19:25:00,4553.000704159781,2026-05-18 19:50:00,-108.64490287389624,-0.9999999999999732,SL,6.530704159780901,4553.000704159781,4530.143239600548,1
SELL,4547.42,2026-05-18 20:55:00,4535.312054086093,2026-05-18 21:55:00,268.89613461289684,2.4999999999999662,TP,4.843178365562991,4552.263178365563,4535.312054086093,1
SELL,4556.93,2026-05-19 05:20:00,4542.368011537646,2026-05-19 07:00:00,275.61853797822897,2.5000000000000555,TP,5.824795384941406,4562.754795384942,4542.368011537646,1
SELL,4542.21,2026-05-19 07:10:00,4547.183620979393,2026-05-19 09:15:00,-113.00360057106295,-0.9999999999999248,SL,4.973620979393137,4547.183620979393,4529.775947551517,1
SELL,4542.95,2026-05-19 09:50:00,4549.007930297662,2026-05-19 09:55:00,-111.87356456536061,-0.9999999999999982,SL,6.057930297662107,4549.007930297662,4527.805174255845,1
SELL,4543.86,2026-05-19 10:35:00,4549.44184638217,2026-05-19 10:45:00,-110.7548289197095,-1.0000000000000209,SL,5.581846382170508,4549.44184638217,4529.905384044573,1
SELL,4544.13,2026-05-19 11:10:00,4528.610831980431,2026-05-19 13:40:00,274.1182015762765,2.500000000000011,TP,6.207667207827734,4550.3376672078275,4528.610831980431,1
SELL,4532.63,2026-05-19 13:50:00,4538.1173745207425,2026-05-19 13:55:00,-112.38846264627877,-1.0000000000000524,SL,5.48737452074209,4538.1173745207425,4518.911563698145,1
SELL,4536.54,2026-05-19 14:15:00,4541.993390417553,2026-05-19 14:40:00,-111.26457801981894,-1.0000000000000797,SL,5.453390417552803,4541.993390417553,4522.906523956118,1
SELL,4539.73,2026-05-19 14:50:00,4544.756846335204,2026-05-19 15:10:00,-110.15193223960648,-0.9999999999999507,SL,5.026846335204275,4544.756846335204,4527.162884161989,1
SELL,4537.17,2026-05-19 15:45:00,4523.00627321758,2026-05-19 16:00:00,272.62603229304705,2.500000000000068,TP,5.665490712967794,4542.835490712968,4523.00627321758,1
SELL,4522.41,2026-05-19 16:10:00,4506.495342912876,2026-05-19 16:20:00,279.44168310037105,2.5000000000000475,TP,6.365862834849274,4528.775862834849,4506.495342912876,1
SELL,4504.17,2026-05-19 16:55:00,4476.759495165434,2026-05-20 04:25:00,286.4277251778752,2.5000000000000013,TP,10.964201933826546,4515.134201933826,4476.759495165434,1
SELL,4473.11,2026-05-20 04:35:00,4480.656247798936,2026-05-20 04:50:00,-117.43536732293337,-1.0000000000000393,SL,7.5462477989364505,4480.656247798936,4454.244380502659,1
SELL,4481.14,2026-05-20 05:00:00,4459.892136414466,2026-05-20 05:45:00,290.65253412424806,2.4999999999999956,TP,8.499145434213657,4489.639145434214,4459.892136414466,1
SELL,4463.15,2026-05-20 05:55:00,4471.159006349229,2026-05-20 08:00:00,-119.16753899093955,-0.99999999999998,SL,8.009006349229072,4471.159006349229,4443.127484126927,1
SELL,4465.24,2026-05-20 08:50:00,4470.893791201853,2026-05-20 08:50:00,-117.97586360102324,-0.9999999999999213,SL,5.653791201853427,4470.893791201853,4451.105521995366,1
SELL,4468.46,2026-05-20 09:25:00,4474.3758234267025,2026-05-20 09:45:00,-116.79610496502852,-1.0000000000000533,SL,5.91582342670213,4474.3758234267025,4453.670441433244,1
SELL,4534.05,2026-05-21 06:35:00,4538.787641759232,2026-05-21 07:25:00,-115.62814391537584,-1.000000000000033,SL,4.73764175923209,4538.787641759232,4522.20589560192,1
SELL,4536.64,2026-05-21 07:35:00,4526.838820021982,2026-05-21 08:15:00,286.17965619053274,2.499999999999887,TP,3.9204719912073362,4540.560471991208,4526.838820021982,1
SELL,4524.77,2026-05-21 08:25:00,4528.504370780102,2026-05-21 08:50:00,-117.33365903811236,-0.9999999999999045,SL,3.734370780102283,4528.504370780102,4515.434073049745,1
SELL,4527.66,2026-05-21 09:00:00,4532.291772756644,2026-05-21 09:00:00,-116.16032244774328,-1.0000000000000073,SL,4.631772756643807,4532.291772756644,4516.08056810839,1
SELL,4530.96,2026-05-21 09:10:00,4535.812599978943,2026-05-21 09:20:00,-114.99871922326028,-0.999999999999959,SL,4.852599978942834,4535.812599978943,4518.828500052643,1
SELL,4529.49,2026-05-21 09:35:00,4516.179844010393,2026-05-21 10:25:00,284.62183007758694,2.5000000000000524,TP,5.32406239584259,4534.8140623958425,4516.179844010393,1
SELL,4516.41,2026-05-21 10:35:00,4521.359580692396,2026-05-21 10:50:00,-116.69495033180321,-0.9999999999999566,SL,4.949580692396227,4521.359580692396,4504.036048269009,1
SELL,4519.02,2026-05-21 11:00:00,4523.7024758731895,2026-05-21 11:05:00,-115.5280008284989,-1.000000000000075,SL,4.6824758731887535,4523.7024758731895,4507.313810317029,1
SELL,4518.09,2026-05-21 13:30:00,4503.849965844608,2026-05-21 15:55:00,285.9318020505102,2.4999999999999747,TP,5.696013662156896,4523.786013662157,4503.849965844608,1
SELL,4511.97,2026-05-21 16:05:00,4496.482351502781,2026-05-21 16:25:00,293.0800971017817,2.5000000000000493,TP,6.195059398887556,4518.165059398888,4496.482351502781,1
SELL,4493.57,2026-05-21 16:35:00,4500.224122347258,2026-05-21 16:40:00,-120.16283981173454,-1.0000000000000528,SL,6.6541223472582836,4500.224122347258,4476.934694131854,1
SELL,4499.87,2026-05-21 16:50:00,4506.924488628618,2026-05-21 16:50:00,-118.9612114136183,-1.0000000000000626,SL,7.054488628617504,4506.924488628618,4482.233778428456,1
SELL,4507.19,2026-05-21 17:05:00,4515.420547200099,2026-05-21 19:00:00,-117.77159929946853,-0.999999999999948,SL,8.230547200099382,4515.420547200099,4486.613631999751,1
SELL,4525.16,2026-05-22 04:10:00,4529.720178649611,2026-05-22 04:15:00,-116.59388330647438,-0.999999999999952,SL,4.56017864961108,4529.720178649611,4513.759553375972,1
SELL,4528.1,2026-05-22 04:25:00,4532.770401783235,2026-05-22 08:35:00,-115.42794447341213,-0.9999999999999731,SL,4.670401783234536,4532.770401783235,4516.423995541914,1
SELL,4518.71,2026-05-22 09:05:00,4523.762698178839,2026-05-22 09:10:00,-114.27366502868425,-1.0000000000000275,SL,5.05269817883877,4523.762698178839,4506.078254552903,1
SELL,4518.55,2026-05-22 09:20:00,4523.53822080864,2026-05-22 09:20:00,-113.1309283783914,-0.9999999999999747,SL,4.988220808640234,4523.53822080864,4506.0794479784,1
SELL,4525.02,2026-05-22 09:30:00,4530.157547533981,2026-05-22 11:20:00,-111.99961909461808,-1.000000000000069,SL,5.137547533980623,4530.157547533981,4512.176131165049,1
SELL,4519.38,2026-05-22 11:35:00,4524.020435879634,2026-05-22 11:50:00,-110.87962290366,-0.9999999999999625,SL,4.640435879633689,4524.020435879634,4507.778910300916,1
SELL,4521.65,2026-05-22 12:00:00,4525.793237525764,2026-05-22 12:40:00,-109.77082667462743,-0.9999999999999989,SL,4.143237525764566,4525.793237525764,4511.291906185588,1
SELL,4517.92,2026-05-22 13:40:00,4522.475347080401,2026-05-22 14:40:00,-108.67311840787818,-0.9999999999999714,SL,4.55534708040081,4522.475347080401,4506.531632298998,1
SELL,4519.76,2026-05-22 15:10:00,4523.546929608096,2026-05-22 15:10:00,-107.58638722380341,-1.0000000000000084,SL,3.786929608096184,4523.546929608096,4510.29267597976,1
SELL,4521.55,2026-05-22 15:30:00,4526.717020942754,2026-05-22 15:55:00,-106.51052335156338,-0.9999999999999899,SL,5.167020942753932,4526.717020942754,4508.6324476431155,1
SELL,4521.84,2026-05-22 16:30:00,4508.532562834673,2026-05-22 17:00:00,263.61354529512613,2.500000000000039,TP,5.322974866130888,4527.162974866131,4508.532562834673,1
SELL,4509.89,2026-05-22 17:10:00,4494.3253896119695,2026-05-22 17:10:00,270.2038839275022,2.500000000000018,TP,6.225844155212281,4516.1158441552125,4494.3253896119695,1
SELL,4498.46,2026-05-22 17:20:00,4505.696875827709,2026-05-22 17:40:00,-110.78359241028153,-1.000000000000058,SL,7.23687582770848,4505.696875827709,4480.367810430729,1
SELL,4503.43,2026-05-22 17:50:00,4510.061410228607,2026-05-22 18:05:00,-109.67575648616793,-0.99999999999996,SL,6.631410228607175,4510.061410228607,4486.851474428482,1
SELL,4514.68,2026-05-22 19:45:00,4519.154930993958,2026-05-22 20:05:00,-108.57899892130949,-0.9999999999999897,SL,4.474930993958015,4519.154930993958,4503.492672515105,1
SELL,4514.7,2026-05-22 20:20:00,4518.683748907523,2026-05-22 20:25:00,-107.49320893210226,-1.0000000000000442,SL,3.9837489075233012,4518.683748907523,4504.740627731191,1
SELL,4513.6,2026-05-22 21:15:00,4517.744191489442,2026-05-22 21:35:00,-106.41827684276673,-0.9999999999999083,SL,4.144191489441635,4517.744191489442,4503.239521276396,1
SELL,4514.98,2026-05-22 21:45:00,4505.2448319302275,2026-05-22 22:30:00,263.38523518586817,2.4999999999999627,TP,3.8940672279088755,4518.874067227908,4505.2448319302275,1
SELL,4508.89,2026-05-22 22:40:00,4512.246858148536,2026-05-25 01:00:00,-107.98794642620604,-0.9999999999999867,SL,3.356858148536093,4512.246858148536,4500.49785462866,1
SELL,4562.49,2026-05-26 02:55:00,4552.513261969017,2026-05-26 03:00:00,267.2701674048539,2.49999999999991,TP,3.9906952123934007,4566.480695212394,4552.513261969017,1
SELL,4552.26,2026-05-26 03:15:00,4541.340267599362,2026-05-26 03:50:00,273.9519215899805,2.4999999999999596,TP,4.367892960255338,4556.627892960256,4541.340267599362,1
SELL,4549.83,2026-05-26 04:00:00,4536.122769590401,2026-05-26 04:35:00,280.8007196297316,2.499999999999975,TP,5.482892163839697,4555.31289216384,4536.122769590401,1
SELL,4532.19,2026-05-26 04:45:00,4537.861712603887,2026-05-26 05:00:00,-115.12829504819969,-1.000000000000075,SL,5.671712603887074,4537.861712603887,4518.010718490282,1
SELL,4538.57,2026-05-26 05:10:00,4543.536080479553,2026-05-26 06:30:00,-113.97701209771373,-1.0000000000000409,SL,4.966080479552854,4543.536080479553,4526.154798801118,1
SELL,4539.03,2026-05-26 07:10:00,4531.455239135691,2026-05-26 07:30:00,282.09310494184035,2.5000000000000933,TP,3.0299043457233674,4542.059904345723,4531.455239135691,1
SELL,4527.31,2026-05-26 07:50:00,4530.560731888819,2026-05-26 08:10:00,-115.6581730261563,-1.0000000000000517,SL,3.2507318888181684,4530.560731888819,4519.183170277955,1
SELL,4529.16,2026-05-26 08:20:00,4532.53563927014,2026-05-26 08:30:00,-114.50159129587638,-0.9999999999998919,SL,3.375639270140165,4532.53563927014,4520.720901824649,1
SELL,4532.36,2026-05-26 08:40:00,4524.368425317935,2026-05-26 08:50:00,283.3914384573227,2.49999999999998,TP,3.19662987282575,4535.556629872825,4524.368425317935,1
SELL,4527.03,2026-05-26 09:00:00,4530.493162635302,2026-05-26 09:00:00,-116.19048976749397,-0.9999999999999205,SL,3.4631626353023446,4530.493162635302,4518.372093411744,1
SELL,4531.09,2026-05-26 09:10:00,4534.491553496766,2026-05-26 09:20:00,-115.02858486982574,-0.9999999999999779,SL,3.4015534967657755,4534.491553496766,4522.586116258086,1
SELL,4530.19,2026-05-26 09:30:00,4533.954035543032,2026-05-26 10:50:00,-113.87829902112584,-0.9999999999999636,SL,3.764035543032288,4533.954035543032,4520.779911142419,1
SELL,4527.63,2026-05-26 11:15:00,4515.990195005656,2026-05-26 12:35:00,281.84879007729523,2.4999999999999853,TP,4.655921997737851,4532.285921997738,4515.990195005656,1
SELL,4513.0,2026-05-26 12:45:00,4517.575159805255,2026-05-26 12:45:00,-115.55800393169501,-1.0000000000000286,SL,4.57515980525464,4517.575159805255,4501.5621004868635,1
SELL,4518.75,2026-05-26 12:55:00,4523.258836770858,2026-05-26 12:55:00,-114.40242389238303,-1.0000000000000724,SL,4.508836770857344,4523.258836770858,4507.477908072857,1
SELL,4519.54,2026-05-26 13:05:00,4524.079864358545,2026-05-26 13:05:00,-113.2583996534402,-0.9999999999999053,SL,4.539864358545376,4524.079864358545,4508.190339103637,1
SELL,4525.51,2026-05-26 14:25:00,4514.946547923574,2026-05-26 14:35:00,280.31453914230207,2.5000000000000955,TP,4.225380830570268,4529.735380830571,4514.946547923574,1
SELL,4512.38,2026-05-26 14:50:00,4517.615774332728,2026-05-26 15:45:00,-114.92896104833376,-0.9999999999999496,SL,5.235774332727751,4517.615774332728,4499.290564168181,1
SELL,4515.98,2026-05-26 16:55:00,4522.53366989988,2026-05-26 17:35:00,-113.77967143785014,-0.9999999999999466,SL,6.553669899880683,4522.53366989988,4499.595825250298,1
SELL,4515.68,2026-05-26 17:55:00,4501.629891760995,2026-05-26 19:10:00,281.60468680869735,2.5000000000000275,TP,5.620043295602165,4521.300043295602,4501.629891760995,1
SELL,4504.95,2026-05-26 19:20:00,4509.370385346131,2026-05-26 19:30:00,-115.45792159157354,-1.0000000000000768,SL,4.420385346130958,4509.370385346131,4493.8990366346725,1
SELL,4508.12,2026-05-26 19:40:00,4497.831047748929,2026-05-26 20:35:00,285.7583559391243,2.500000000000017,TP,4.1155809004281485,4512.235580900428,4497.831047748929,1
SELL,4498.38,2026-05-26 20:45:00,4489.74007937693,2026-05-26 21:00:00,292.9023148376059,2.500000000000046,TP,3.45596824922789,4501.835968249228,4489.74007937693,1
SELL,4490.4,2026-05-26 21:20:00,4494.698315802007,2026-05-26 21:25:00,-120.08994908341249,-0.9999999999999686,SL,4.298315802007117,4494.698315802007,4479.654210494982,1
SELL,4497.15,2026-05-26 21:35:00,4501.320247746723,2026-05-26 22:15:00,-118.88904959257351,-0.9999999999999276,SL,4.170247746723664,4501.320247746723,4486.724380633191,1
SELL,4505.0,2026-05-27 01:10:00,4508.151926267062,2026-05-27 01:20:00,-117.70015909664913,-0.9999999999999383,SL,3.151926267061948,4508.151926267062,4497.120184332345,1
SELL,4504.3,2026-05-27 01:30:00,4507.9590828330265,2026-05-27 01:55:00,-116.52315750567728,-0.9999999999998916,SL,3.6590828330267287,4507.9590828330265,4495.152292917433,1
SELL,4505.47,2026-05-27 02:25:00,4509.239760171189,2026-05-27 02:25:00,-115.35792593062763,-0.9999999999999521,SL,3.769760171189044,4509.239760171189,4496.045599572028,1
SELL,4503.97,2026-05-27 05:25:00,4508.205504268706,2026-05-27 06:00:00,-114.20434667131502,-0.9999999999998964,SL,4.23550426870632,4508.205504268706,4493.381239328234,1
SELL,4506.93,2026-05-27 06:30:00,4497.8209178517145,2026-05-27 06:55:00,282.65575801153926,2.500000000000044,TP,3.6436328593142475,4510.573632859315,4497.8209178517145,1
SELL,4499.48,2026-05-27 07:05:00,4503.022359703975,2026-05-27 07:10:00,-115.88886078473068,-1.0000000000000135,SL,3.5423597039752597,4503.022359703975,4490.624100740061,1
SELL,4500.91,2026-05-27 07:20:00,4504.243336104094,2026-05-27 07:40:00,-114.72997217688632,-1.0000000000000395,SL,3.3333361040939553,4504.243336104094,4492.576659739765,1
SELL,4505.32,2026-05-27 08:20:00,4495.758279566691,2026-05-27 08:30:00,283.95668113777356,2.4999999999999236,TP,3.824688173323492,4509.144688173324,4495.758279566691,1
SELL,4499.39,2026-05-27 08:40:00,4487.927856041865,2026-05-27 09:15:00,291.055598166217,2.499999999999918,TP,4.584857583254203,4503.974857583255,4487.927856041865,1
SELL,4486.49,2026-05-27 09:25:00,4491.805571188354,2026-05-27 11:20:00,-119.33279524815764,-1.0000000000000402,SL,5.315571188354411,4491.805571188354,4473.201072029114,1
SELL,4489.32,2026-05-27 12:10:00,4493.665423986382,2026-05-27 12:15:00,-118.13946729566085,-0.9999999999999121,SL,4.345423986382611,4493.665423986382,4478.456440034043,1
SELL,4489.87,2026-05-27 12:30:00,4479.551211313315,2026-05-27 13:15:00,292.39518155677587,2.4999999999999085,TP,4.127515474673934,4493.9975154746735,4479.551211313315,1
SELL,4479.72,2026-05-27 13:25:00,4470.149148042039,2026-05-27 13:35:00,299.70506109569635,2.4999999999999196,TP,3.82834078318459,4483.548340783185,4470.149148042039,1
SELL,4442.93,2026-05-27 14:45:00,4426.503363819217,2026-05-27 14:55:00,307.19768762310275,2.5000000000000355,TP,6.57065447231316,4449.500654472314,4426.503363819217,1
SELL,4434.19,2026-05-27 15:05:00,4441.013675874212,2026-05-27 15:15:00,-125.95105192547372,-1.0000000000000266,SL,6.823675874212132,4441.013675874212,4417.130810314469,1
SELL,4447.31,2026-05-27 15:35:00,4423.7840631850595,2026-05-27 16:05:00,311.7288535155374,2.499999999999987,TP,9.41037472597641,4456.720374725976,4423.7840631850595,1
SELL,4416.31,2026-05-27 16:15:00,4425.823713549873,2026-05-27 16:45:00,-127.80882994137166,-1.0000000000000053,SL,9.513713549872541,4425.823713549873,4392.525716125319,1
SELL,4425.32,2026-05-27 16:55:00,4436.39309909874,2026-05-27 17:00:00,-126.5307416419542,-0.9999999999999756,SL,11.073099098740656,4436.39309909874,4397.637252253148,1
SELL,4433.65,2026-05-27 18:00:00,4442.537861235884,2026-05-27 19:15:00,-125.26543422553414,-0.9999999999999715,SL,8.887861235884229,4442.537861235884,4411.430346910289,1
SELL,4445.96,2026-05-28 02:55:00,4449.463570406099,2026-05-28 02:55:00,-124.01277988327844,-0.999999999999968,SL,3.503570406099355,4449.463570406099,4437.201073984752,1
SELL,4449.2,2026-05-28 03:05:00,4452.998741829749,2026-05-28 03:15:00,-122.77265208445007,-1.0000000000000038,SL,3.798741829748891,4452.998741829749,4439.703145425628,1
SELL,4445.67,2026-05-28 03:25:00,4450.362790644509,2026-05-28 03:35:00,-121.54492556360384,-0.9999999999999896,SL,4.692790644508981,4450.362790644509,4433.938023388728,1
SELL,4445.61,2026-05-28 04:05:00,4432.904356667856,2026-05-28 04:15:00,300.8236907699171,2.499999999999954,TP,5.082257332857719,4450.6922573328575,4432.904356667856,1
SELL,4431.03,2026-05-28 04:25:00,4416.66766909076,2026-05-28 04:40:00,308.34428303916394,2.499999999999946,TP,5.744932363696114,4436.774932363696,4416.66766909076,1
SELL,4405.91,2026-05-28 05:30:00,4389.863612741741,2026-05-28 06:15:00,316.05289011515464,2.500000000000039,TP,6.418554903303347,4412.3285549033035,4389.863612741741,1
SELL,4381.01,2026-05-28 07:10:00,4387.730278633827,2026-05-28 08:35:00,-129.58168494721744,-1.0000000000000466,SL,6.720278633826325,4387.730278633827,4364.209303415434,1
SELL,4379.95,2026-05-28 09:10:00,4385.805119372392,2026-05-28 10:00:00,-128.2858680977408,-1.0000000000000122,SL,5.855119372392366,4385.805119372392,4365.312201569019,1
SELL,4385.36,2026-05-28 10:55:00,4390.4890246267205,2026-05-28 11:00:00,-127.00300941676173,-0.9999999999999991,SL,5.129024626720825,4390.4890246267205,4372.537438433197,1
SELL,4388.42,2026-05-28 11:55:00,4393.150802247784,2026-05-28 12:20:00,-125.73297932258274,-0.9999999999999087,SL,4.730802247784117,4393.150802247784,4376.5929943805395,1
SELL,4388.94,2026-05-28 13:45:00,4376.67413073608,2026-05-28 13:50:00,311.18912382342285,2.500000000000015,TP,4.906347705567867,4393.8463477055675,4376.67413073608,1
SELL,4383.97,2026-05-28 14:00:00,4389.437582328402,2026-05-28 14:15:00,-127.58754076761161,-1.0000000000000706,SL,5.4675823284010905,4389.437582328402,4370.3010441789975,1
SELL,4387.43,2026-05-28 14:25:00,4392.535186818474,2026-05-28 15:05:00,-126.3116653599252,-0.9999999999999899,SL,5.1051868184741185,4392.535186818474,4374.667032953815,1
SELL,4388.78,2026-05-28 15:20:00,4393.408592411268,2026-05-28 15:30:00,-125.0485487063395,-1.0000000000000981,SL,4.628592411267619,4393.408592411268,4377.208518971831,1
SELL,4542.97,2026-05-29 23:35:00,4535.104122088691,2026-06-01 01:00:00,309.49515804816343,2.500000000000031,TP,3.1463511645236912,4546.116351164524,4535.104122088691,1
SELL,4533.8,2026-06-01 01:15:00,4538.850323941277,2026-06-01 01:45:00,-126.89301479973493,-0.999999999999917,SL,5.050323941276893,4538.850323941277,4521.174190146808,1
SELL,4534.98,2026-06-01 01:55:00,4539.691947693141,2026-06-01 02:00:00,-125.62408465176,-1.0000000000000944,SL,4.7119476931407105,4539.691947693141,4523.200130767148,1
SELL,4539.23,2026-06-01 02:35:00,4543.510033645913,2026-06-01 02:50:00,-124.36784380524065,-1.0000000000000813,SL,4.280033645912788,4543.510033645913,4528.529915885218,1
SELL,4539.34,2026-06-01 03:00:00,4543.448124000588,2026-06-01 03:00:00,-123.12416536719145,-1.0000000000001084,SL,4.108124000587405,4543.448124000588,4529.069689998531,1
SELL,4540.63,2026-06-01 03:10:00,4529.603941886489,2026-06-01 04:05:00,304.7323092837547,2.4999999999999116,TP,4.4104232454044645,4545.040423245405,4529.603941886489,1
SELL,4533.77,2026-06-01 04:15:00,4520.442810386799,2026-06-01 06:05:00,312.35061701585084,2.499999999999932,TP,5.3308758452808975,4539.100875845282,4520.442810386799,1
SELL,4518.68,2026-06-01 06:15:00,4523.230890633864,2026-06-01 06:30:00,-128.06375297649365,-0.9999999999999328,SL,4.550890633863979,4523.230890633864,4507.30277341534,1
SELL,4515.27,2026-06-01 06:40:00,4519.841228089709,2026-06-01 08:15:00,-126.78311544674821,-1.000000000000086,SL,4.571228089708319,4519.841228089709,4503.84192977573,1
SELL,4513.47,2026-06-01 08:35:00,4517.417812016948,2026-06-01 08:35:00,-125.51528429226695,-0.999999999999977,SL,3.947812016947955,4517.417812016948,4503.600469957631,1
SELL,4518.01,2026-06-01 09:00:00,4506.425027512678,2026-06-01 09:20:00,310.65032862336056,2.499999999999941,TP,4.63398899492906,4522.64398899493,4506.425027512678,1
SELL,4514.31,2026-06-01 09:30:00,4501.830380815423,2026-06-01 09:35:00,318.4165868389585,2.500000000000052,TP,4.991847673830749,4519.301847673831,4501.830380815423,1
SELL,4504.35,2026-06-01 09:45:00,4509.414693636811,2026-06-01 10:05:00,-130.55080060398032,-1.0000000000000762,SL,5.064693636809876,4509.414693636811,4491.688265907976,1
SELL,4507.09,2026-06-01 10:15:00,4495.148150107658,2026-06-01 10:45:00,323.11323149482376,2.49999999999998,TP,4.776739956936983,4511.866739956937,4495.148150107658,1
SELL,4495.62,2026-06-01 10:55:00,4500.274948624475,2026-06-01 10:55:00,-132.47642491288946,-1.0000000000000802,SL,4.654948624474482,4500.274948624475,4483.982628438814,1
SELL,4495.45,2026-06-01 11:05:00,4500.613654681307,2026-06-01 11:45:00,-131.15166066374604,-0.9999999999999706,SL,5.163654681307132,4500.613654681307,4482.540863296732,1
SELL,4497.02,2026-06-01 11:55:00,4502.127715882015,2026-06-01 12:15:00,-129.8401440571019,-0.9999999999999188,SL,5.1077158820148325,4502.127715882015,4484.250710294963,1
SELL,4499.38,2026-06-01 12:25:00,4504.261189917779,2026-06-01 13:30:00,-128.5417426165474,-1.0000000000000464,SL,4.8811899177787845,4504.261189917779,4487.177025205553,1
SELL,4500.06,2026-06-01 14:05:00,4504.55164087207,2026-06-01 14:05:00,-127.25632519037002,-0.9999999999999534,SL,4.491640872069393,4504.55164087207,4488.8308978198265,1
SELL,4502.89,2026-06-01 15:15:00,4507.0894777318135,2026-06-01 15:25:00,-125.98376193847551,-1.0000000000000258,SL,4.199477731813095,4507.0894777318135,4492.391305670468,1
SELL,4500.77,2026-06-01 15:35:00,4505.467991032339,2026-06-01 15:40:00,-124.7239243190991,-1.000000000000093,SL,4.697991032338468,4505.467991032339,4489.025022419154,1
SELL,4502.71,2026-06-01 16:00:00,4490.22344373638,2026-06-01 16:10:00,308.6917126897352,2.499999999999951,TP,4.994622505447939,4507.704622505448,4490.22344373638,1
SELL,4472.83,2026-06-01 16:40:00,4451.3343148229715,2026-06-01 16:55:00,316.4090055069911,2.500000000000051,TP,8.59827407081121,4481.428274070811,4451.3343148229715,1
SELL,4460.32,2026-06-01 17:10:00,4468.962065429989,2026-06-01 18:25:00,-129.72769225786482,-1.000000000000008,SL,8.64206542998902,4468.962065429989,4438.714836425027,1
SELL,4468.52,2026-06-01 19:10:00,4474.6662728253605,2026-06-01 19:50:00,-128.43041533528537,-1.0000000000000018,SL,6.146272825360017,4474.6662728253605,4453.154317936601,1
SELL,4483.24,2026-06-01 23:10:00,4485.842697122562,2026-06-02 01:00:00,-127.14611118191097,-0.9999999999998325,SL,2.602697122562385,4485.842697122562,4476.733257193594,1
SELL,4482.29,2026-06-02 01:10:00,4484.618217910295,2026-06-02 01:10:00,-125.87465007012185,-1.000000000000069,SL,2.328217910295119,4484.618217910295,4476.469455224262,1
SELL,4482.54,2026-06-02 01:25:00,4484.88624079771,2026-06-02 01:45:00,-124.61590356939384,-0.9999999999998548,SL,2.34624079771072,4484.88624079771,4476.674398005724,1
SELL,4478.29,2026-06-02 03:10:00,4481.495938625782,2026-06-02 03:15:00,-123.36974453371806,-1.0000000000000004,SL,3.2059386257824354,4481.495938625782,4470.275153435544,1
SELL,4479.43,2026-06-02 04:10:00,4484.103007806638,2026-06-02 04:10:00,-122.13604708838791,-1.0000000000000582,SL,4.673007806637271,4484.103007806638,4467.747480483407,1
SELL,4475.06,2026-06-02 04:50:00,4481.202970238436,2026-06-02 05:15:00,-120.91468661750177,-1.0000000000000402,SL,6.14297023843549,4481.202970238436,4459.702574403912,1
SELL,4480.91,2026-06-02 05:35:00,4486.719590138088,2026-06-02 06:00:00,-119.70553975131456,-0.9999999999999387,SL,5.80959013808878,4486.719590138088,4466.386024654778,1
SELL,4512.5,2026-06-02 16:20:00,4499.90023550475,2026-06-02 17:00:00,296.27121088452805,2.5000000000000515,TP,5.039905798100049,4517.5399057981,4499.90023550475,1
SELL,4504.09,2026-06-02 17:15:00,4491.013514652661,2026-06-02 17:20:00,303.67799115664246,2.5000000000000604,TP,5.230594138935577,4509.320594138936,4491.013514652661,1
SELL,4499.18,2026-06-02 17:35:00,4504.901252842622,2026-06-02 17:45:00,-124.5079763742281,-1.000000000000061,SL,5.721252842621302,4504.901252842622,4484.876867893447,1
SELL,4503.91,2026-06-02 17:55:00,4490.786539564367,2026-06-02 19:25:00,308.15724152620356,2.5000000000000657,TP,5.249384174253144,4509.159384174253,4490.786539564367,1
SELL,4489.53,2026-06-02 19:45:00,4479.251965847351,2026-06-02 21:40:00,315.86117256435307,2.50000000000002,TP,4.111213661059414,4493.641213661059,4479.251965847351,1
SELL,4486.42,2026-06-02 21:50:00,4490.134653637481,2026-06-02 21:50:00,-129.50308075138952,-1.0000000000000446,SL,3.71465363748104,4490.134653637481,4477.1333659062975,1
SELL,4487.2,2026-06-02 22:00:00,4490.8182982894605,2026-06-03 01:00:00,-128.20804994386816,-0.9999999999999869,SL,3.6182982894607014,4490.8182982894605,4478.154254276348,1
SELL,4488.59,2026-06-03 01:25:00,4491.0583401955055,2026-06-03 01:45:00,-126.9259694444542,-1.0000000000001816,SL,2.468340195504886,4491.0583401955055,4482.419149511238,1
SELL,4486.78,2026-06-03 01:55:00,4479.709999942651,2026-06-03 02:10:00,314.14177437495636,2.4999999999999187,TP,2.8280000229396145,4489.608000022939,4479.709999942651,1
SELL,4474.65,2026-06-03 02:45:00,4479.577427905807,2026-06-03 03:05:00,-128.79812749372465,-0.9999999999999104,SL,4.927427905807677,4479.577427905807,4462.33143023548,1
SELL,4475.79,2026-06-03 03:15:00,4480.408495124082,2026-06-03 03:20:00,-127.51014621878802,-0.9999999999999142,SL,4.61849512408247,4480.408495124082,4464.243762189793,1
SELL,4474.19,2026-06-03 04:05:00,4479.554026445498,2026-06-03 05:10:00,-126.23504475661683,-1.0000000000000457,SL,5.364026445497739,4479.554026445498,4460.779933886255,1
SELL,4476.08,2026-06-03 05:20:00,4481.570116073261,2026-06-03 05:35:00,-124.97269430904943,-1.0000000000000362,SL,5.490116073260452,4481.570116073261,4462.354709816849,1
SELL,4475.44,2026-06-03 05:50:00,4480.656333305725,2026-06-03 05:55:00,-123.7229673659477,-0.9999999999999458,SL,5.216333305725412,4480.656333305725,4462.399166735686,1
SELL,4481.17,2026-06-03 07:20:00,4472.217820851009,2026-06-03 07:35:00,306.2143442307337,2.4999999999999707,TP,3.5808716595966383,4484.750871659597,4472.217820851009,1
SELL,4473.21,2026-06-03 07:45:00,4464.568605691144,2026-06-03 08:30:00,313.8697028364974,2.4999999999999347,TP,3.4565577235426637,4476.666557723543,4464.568605691144,1
SELL,4466.7,2026-06-03 08:40:00,4456.821142302201,2026-06-03 08:55:00,321.7164454074235,2.500000000000043,TP,3.9515430791193698,4470.65154307912,4456.821142302201,1
SELL,4466.81,2026-06-03 09:05:00,4454.303662218145,2026-06-03 10:30:00,329.7593565425929,2.4999999999999187,TP,5.002535112742206,4471.812535112743,4454.303662218145,1
SELL,4458.23,2026-06-03 10:40:00,4463.6427148055045,2026-06-03 10:50:00,-135.2013361824629,-0.999999999999967,SL,5.412714805505126,4463.6427148055045,4444.698212986237,1
SELL,4453.09,2026-06-03 11:00:00,4458.577212035611,2026-06-03 11:00:00,-133.84932282064986,-1.0000000000000535,SL,5.4872120356109715,4458.577212035611,4439.371969910972,1
SELL,4454.97,2026-06-03 11:10:00,4440.968611810992,2026-06-03 11:55:00,331.27707398108106,2.499999999999928,TP,5.6005552756034165,4460.5705552756035,4440.968611810992,1
SELL,4450.93,2026-06-03 12:05:00,4456.717426490923,2026-06-03 12:05:00,-135.8236003322463,-0.9999999999999943,SL,5.787426490922404,4456.717426490923,4436.461433772694,1
SELL,4450.91,2026-06-03 12:15:00,4456.811148351867,2026-06-03 13:05:00,-134.4653643289304,-1.0000000000000433,SL,5.901148351866795,4456.811148351867,4436.157129120333,1
SELL,4453.98,2026-06-03 13:45:00,4459.922308925849,2026-06-03 13:55:00,-133.1207106856373,-1.0000000000000153,SL,5.942308925849739,4459.922308925849,4439.124227685375,1
SELL,4458.37,2026-06-03 15:10:00,4462.985826298447,2026-06-03 15:50:00,-131.78950357876747,-0.9999999999999132,SL,4.615826298447646,4462.985826298447,4446.83043425388,1
SELL,4457.22,2026-06-03 16:20:00,4443.676738115619,2026-06-03 16:40:00,326.17902135748585,2.50000000000006,TP,5.417304753752485,4462.637304753753,4443.676738115619,1
SELL,4436.82,2026-06-03 16:50:00,4444.1234241752945,2026-06-03 16:50:00,-133.7333987565583,-0.9999999999999416,SL,7.303424175295248,4444.1234241752945,4418.561439561761,1
SELL,4447.01,2026-06-03 17:00:00,4454.647799416453,2026-06-03 17:10:00,-132.39606476899291,-0.9999999999999427,SL,7.637799416453601,4454.647799416453,4427.915501458866,1
SELL,4448.07,2026-06-03 17:20:00,4455.981167980355,2026-06-03 17:50:00,-131.0721041213137,-1.0000000000000242,SL,7.911167980355267,4455.981167980355,4428.292080049112,1
SELL,4448.98,2026-06-03 18:10:00,4432.310719862751,2026-06-03 23:40:00,324.4034577002354,2.499999999999937,TP,6.6677120548994795,4455.647712054899,4432.310719862751,1
SELL,4433.83,2026-06-03 23:55:00,4436.81946332414,2026-06-04 01:00:00,-133.0054176570966,-0.9999999999999759,SL,2.9894633241402326,4436.81946332414,4426.3563416896495,1
SELL,4434.68,2026-06-04 01:10:00,4426.178532322216,2026-06-04 01:15:00,329.18840870132635,2.5000000000000324,TP,3.4005870711137973,4438.080587071114,4426.178532322216,1
SELL,4430.06,2026-06-04 01:25:00,4434.1242819953495,2026-06-04 01:25:00,-134.96724756755629,-1.000000000000105,SL,4.064281995348693,4434.1242819953495,4419.899295011629,1
SELL,4436.52,2026-06-04 01:40:00,4440.821147064061,2026-06-04 01:50:00,-133.61757509187376,-1.000000000000054,SL,4.301147064060156,4440.821147064061,4425.76713233985,1
SELL,4460.46,2026-06-04 11:40:00,4465.2689142711315,2026-06-04 11:55:00,-132.2813993409451,-0.9999999999999795,SL,4.808914271131569,4465.2689142711315,4448.437714322171,1
SELL,4471.73,2026-06-04 18:15:00,4478.71401341043,2026-06-04 18:50:00,-130.9585853475357,-0.9999999999999797,SL,6.9840134104307765,4478.71401341043,4454.269966473923,1
SELL,4477.22,2026-06-04 19:00:00,4482.845476242554,2026-06-04 19:10:00,-129.64899949406902,-1.0000000000000466,SL,5.625476242553042,4482.845476242554,4463.156309393617,1
SELL,4479.34,2026-06-04 20:10:00,4469.274228196203,2026-06-05 01:55:00,320.88127374779515,2.499999999999918,TP,4.026308721519077,4483.366308721519,4469.274228196203,1
SELL,4469.83,2026-06-05 02:05:00,4472.8683883355125,2026-06-05 02:05:00,-131.56132223660384,-1.0000000000000275,SL,3.038388335512453,4472.8683883355125,4462.234029161219,1
SELL,4470.82,2026-06-05 02:15:00,4462.627683307377,2026-06-05 02:35:00,325.61427253559253,2.500000000000054,TP,3.2769266770489796,4474.096926677049,4462.627683307377,1
SELL,4464.1,2026-06-05 02:55:00,4455.270177726651,2026-06-05 03:10:00,333.75462934898724,2.5000000000000897,TP,3.531928909339568,4467.63192890934,4455.270177726651,1
SELL,4457.43,2026-06-05 03:30:00,4461.623009438151,2026-06-05 03:35:00,-136.83939803308954,-1.0000000000000697,SL,4.193009438150219,4461.623009438151,4446.9474764046245,1
SELL,4463.02,2026-06-05 03:45:00,4467.340977308899,2026-06-05 04:05:00,-135.47100405275836,-1.0000000000000684,SL,4.320977308898068,4467.340977308899,4452.217556727755,1
SELL,4459.75,2026-06-05 04:15:00,4446.584947407986,2026-06-05 04:40:00,335.2907350305563,2.500000000000019,TP,5.266021036805574,4465.016021036806,4446.584947407986,1
SELL,4446.36,2026-06-05 04:50:00,4452.445702368269,2026-06-05 05:20:00,-137.46920136252984,-1.0000000000000202,SL,6.085702368269144,4452.445702368269,4431.1457440793265,1
SELL,4451.04,2026-06-05 05:30:00,4436.572517908711,2026-06-05 06:20:00,340.23627337226515,2.5000000000000786,TP,5.78699283651531,4456.826992836515,4436.572517908711,1
SELL,4436.58,2026-06-05 06:30:00,4441.683206119288,2026-06-05 06:40:00,-139.49687208261514,-0.9999999999999335,SL,5.103206119288528,4441.683206119288,4423.821984701779,1
SELL,4440.88,2026-06-05 06:50:00,4445.50251119255,2026-06-05 07:55:00,-138.1019033617867,-0.9999999999999162,SL,4.622511192549997,4445.50251119255,4429.323722018625,1
SELL,4442.58,2026-06-05 08:35:00,4446.519482412003,2026-06-05 08:35:00,-136.7208843281856,-1.000000000000038,SL,3.93948241200254,4446.519482412003,4432.731293969993,1
SELL,4443.52,2026-06-05 08:45:00,4447.554961875656,2026-06-05 08:45:00,-135.3536754849019,-1.000000000000025,SL,4.034961875655325,4447.554961875656,4433.432595310862,1
SELL,4443.4,2026-06-05 08:55:00,4432.808819426202,2026-06-05 09:15:00,335.00034682512023,2.499999999999973,TP,4.236472229519177,4447.636472229518,4432.808819426202,1
SELL,4442.33,2026-06-05 09:30:00,4447.671934055565,2026-06-05 09:30:00,-137.35014219830032,-0.999999999999997,SL,5.341934055564723,4447.671934055565,4428.975164861088,1
SELL,4362.83,2026-06-05 17:55:00,4337.222489605041,2026-06-05 18:35:00,339.9416019407936,2.4999999999999947,TP,10.243004157983545,4373.073004157984,4337.222489605041,1
SELL,4331.57,2026-06-05 19:40:00,4339.212952642825,2026-06-05 19:55:00,-139.37605679572488,-0.9999999999999942,SL,7.642952642825593,4339.212952642825,4312.462618392936,1
SELL,4344.01,2026-06-05 20:05:00,4325.2925059145155,2026-06-05 21:10:00,344.95574056942627,2.5000000000000377,TP,7.4869976341937905,4351.496997634194,4325.2925059145155,1
SELL,4326.04,2026-06-05 21:20:00,4310.292717282442,2026-06-08 01:05:00,353.57963408364867,2.499999999999943,TP,6.298913087023318,4332.338913087024,4310.292717282442,1
SELL,4322.79,2026-06-08 01:25:00,4329.74753714349,2026-06-08 02:10:00,-144.96764997429182,-0.9999999999999492,SL,6.9575371434906526,4329.74753714349,4305.396157141274,1
SELL,4338.88,2026-06-08 04:05:00,4324.690411497603,2026-06-08 04:15:00,358.79493368639146,2.5000000000000058,TP,5.675835400958736,4344.555835400959,4324.690411497603,1
SELL,4321.61,2026-06-08 04:25:00,4303.359682756743,2026-06-08 04:30:00,367.7648070285568,2.500000000000043,TP,7.300126897302708,4328.910126897303,4303.359682756743,1
SELL,4317.12,2026-06-08 04:40:00,4325.259886586507,2026-06-08 04:40:00,-150.7835708817069,-1.0000000000000078,SL,8.139886586506627,4325.259886586507,4296.770283533733,1
SELL,4323.47,2026-06-08 04:50:00,4303.043841414291,2026-06-08 08:30:00,373.1893379322223,2.500000000000005,TP,8.170463434283722,4331.640463434284,4303.043841414291,1
SELL,4290.65,2026-06-08 08:40:00,4298.272513777414,2026-06-08 09:00:00,-153.00762855220535,-0.999999999999964,SL,7.622513777414771,4298.272513777414,4271.5937155564625,1
SELL,4302.5,2026-06-08 09:10:00,4310.92653743384,2026-06-08 09:20:00,-151.47755226668326,-0.9999999999999634,SL,8.426537433840476,4310.92653743384,4281.433656415399,1
SELL,4299.14,2026-06-08 09:35:00,4307.095108108643,2026-06-08 10:10:00,-149.96277674401492,-0.999999999999953,SL,7.955108108643263,4307.095108108643,4279.252229728392,1
SELL,4301.38,2026-06-08 10:45:00,4282.810923359661,2026-06-08 12:25:00,371.1578724414466,2.4999999999999467,TP,7.427630656135966,4308.807630656136,4282.810923359661,1
SELL,4290.81,2026-06-08 13:05:00,4297.970630089459,2026-06-08 13:30:00,-152.17472770100142,-1.0000000000000338,SL,7.1606300894579675,4297.970630089459,4272.908424776356,1
SELL,4326.83,2026-06-08 23:25:00,4330.105454182257,2026-06-08 23:55:00,-150.65298042399016,-1.0000000000000255,SL,3.275454182256824,4330.105454182257,4318.641364544358,1
SELL,4326.7,2026-06-09 01:05:00,4319.427075785967,2026-06-09 02:30:00,372.86612654938284,2.500000000000113,TP,2.9091696856131017,4329.609169685613,4319.427075785967,1
SELL,4321.69,2026-06-09 02:40:00,4314.592846078563,2026-06-09 02:45:00,382.18777971307827,2.499999999999855,TP,2.8388615685749587,4324.528861568575,4314.592846078563,1
SELL,4316.74,2026-06-09 02:55:00,4320.05604550516,2026-06-09 03:05:00,-156.6969896823809,-1.000000000000063,SL,3.3160455051600093,4320.05604550516,4308.4498862371,1
SELL,4322.3,2026-06-09 03:15:00,4325.917561320098,2026-06-09 04:05:00,-155.13001978554306,-0.9999999999999734,SL,3.6175613200976895,4325.917561320098,4313.256096699756,1
SELL,4325.43,2026-06-09 10:40:00,4330.423507698699,2026-06-09 11:10:00,-153.57871958769118,-0.9999999999999962,SL,4.993507698698541,4330.423507698699,4312.946230753254,1
SELL,4330.99,2026-06-09 11:35:00,4335.7183200812415,2026-06-09 11:40:00,-152.04293239181118,-0.9999999999999758,SL,4.728320081241805,4335.7183200812415,4319.169199796896,1
SELL,4327.82,2026-06-09 11:50:00,4332.680061668545,2026-06-09 12:20:00,-150.52250306789864,-1.0000000000000127,SL,4.860061668545252,4332.680061668545,4315.669845828636,1
SELL,4326.12,2026-06-09 12:30:00,4330.987103274255,2026-06-09 12:50:00,-149.01727803722545,-1.0000000000000517,SL,4.867103274254735,4330.987103274255,4313.952241814363,1
SELL,4326.43,2026-06-09 13:10:00,4330.8987342332,2026-06-09 13:10:00,-147.52710525684114,-0.9999999999999706,SL,4.46873423320007,4330.8987342332,4315.258164417,1
SELL,4330.47,2026-06-09 13:50:00,4334.508450251976,2026-06-09 13:50:00,-146.05183420428241,-1.0000000000000364,SL,4.038450251975371,4334.508450251976,4320.3738743700615,1
SELL,4321.05,2026-06-09 17:15:00,4301.3834544357405,2026-06-09 17:40:00,361.4782896555835,2.499999999999986,TP,7.866618225703905,4328.916618225704,4301.3834544357405,1
SELL,4297.98,2026-06-09 17:55:00,4271.84794789369,2026-06-09 18:30:00,370.5152468969799,2.5000000000000315,TP,10.452820842523812,4308.432820842523,4271.84794789369,1
SELL,4280.0,2026-06-09 18:45:00,4253.857982867464,2026-06-09 19:15:00,379.77812806940227,2.500000000000017,TP,10.456806853014426,4290.456806853014,4253.857982867464,1
SELL,4261.74,2026-06-09 19:25:00,4271.945827661726,2026-06-09 21:20:00,-155.70903250845885,-1.0000000000000318,SL,10.205827661725964,4271.945827661726,4236.225430845685,1
SELL,4264.27,2026-06-09 21:45:00,4271.179651062904,2026-06-09 21:55:00,-154.15194218337288,-1.000000000000023,SL,6.909651062903162,4271.179651062904,4246.995872342743,1
SELL,4264.54,2026-06-09 22:10:00,4248.840736569498,2026-06-10 01:40:00,381.52605690382865,2.499999999999933,TP,6.279705372200793,4270.819705372201,4248.840736569498,1
SELL,4246.0,2026-06-10 02:05:00,4232.771867344789,2026-06-10 02:15:00,391.0642083264231,2.499999999999926,TP,5.29125306208459,4251.291253062084,4232.771867344789,1
SELL,4220.45,2026-06-10 02:55:00,4226.838809802985,2026-06-10 03:15:00,-160.33632541382917,-0.9999999999999444,SL,6.388809802985989,4226.838809802985,4204.477975492535,1
SELL,4225.0,2026-06-10 03:25:00,4208.3703390699175,2026-06-10 03:30:00,396.83240539924367,2.499999999999963,TP,6.6518643720331125,4231.651864372033,4208.3703390699175,1
SELL,4207.31,2026-06-10 03:55:00,4214.594177941072,2026-06-10 03:55:00,-162.70128621368676,-0.9999999999999664,SL,7.284177941072148,4214.594177941072,4189.09955514732,1
SELL,4194.2,2026-06-10 04:05:00,4203.094877918577,2026-06-10 04:10:00,-161.07427335155572,-1.0000000000000022,SL,8.89487791857753,4203.094877918577,4171.962805203556,1
SELL,4213.13,2026-06-10 04:20:00,4188.614660361593,2026-06-10 04:40:00,398.6588265451027,2.5000000000000204,TP,9.806135855362584,4222.936135855362,4188.614660361593,1
SELL,4192.64,2026-06-10 04:50:00,4202.828371613057,2026-06-10 08:45:00,-163.4501188834961,-1.000000000000032,SL,10.188371613056589,4202.828371613057,4167.1690709673585,1
SELL,4200.13,2026-06-10 10:15:00,4185.114919652882,2026-06-10 10:50:00,404.5390442366393,2.499999999999998,TP,6.0060321388471545,4206.136032138847,4185.114919652882,1
SELL,4186.3,2026-06-10 11:00:00,4171.628398146013,2026-06-10 11:00:00,414.6525203425544,2.4999999999999925,TP,5.8686407415949535,4192.1686407415955,4171.628398146013,1
SELL,4173.24,2026-06-10 11:20:00,4153.177207269061,2026-06-10 14:45:00,425.01883335112535,2.500000000000034,TP,8.025117092375403,4181.2651170923755,4153.177207269061,1
SELL,4154.66,2026-06-10 14:55:00,4135.943808965692,2026-06-10 15:10:00,435.6443041849053,2.500000000000044,TP,7.486476413722862,4162.146476413723,4135.943808965692,1
SELL,4140.69,2026-06-10 15:30:00,4148.282166955161,2026-06-10 15:30:00,-178.6141647158137,-1.0000000000000313,SL,7.592166955161464,4148.282166955161,4121.709582612096,1
SELL,4151.83,2026-06-10 15:55:00,4161.993160820794,2026-06-10 16:35:00,-176.82802306865767,-1.0000000000000435,SL,10.163160820794031,4161.993160820794,4126.422097948015,1
SELL,4160.83,2026-06-10 17:30:00,4133.9973121183,2026-06-10 17:55:00,437.6493570949072,2.499999999999993,TP,10.733075152679916,4171.56307515268,4133.9973121183,1
SELL,4128.94,2026-06-10 18:05:00,4100.9623149597555,2026-06-10 20:45:00,448.5905910222787,2.499999999999987,TP,11.191074016097685,4140.131074016097,4100.9623149597555,1
SELL,4109.66,2026-06-10 20:55:00,4117.865195764362,2026-06-10 21:00:00,-183.92214231914397,-1.0000000000000475,SL,8.205195764362154,4117.865195764362,4089.1470105890944,1
SELL,4114.29,2026-06-10 21:10:00,4094.7490150379886,2026-06-10 22:10:00,455.2073022398598,2.5000000000000013,TP,7.8163939848045585,4122.1063939848045,4094.7490150379886,1
SELL,4091.38,2026-06-10 22:45:00,4076.749410096419,2026-06-10 23:00:00,466.587484795861,2.5000000000000275,TP,5.852235961432352,4097.232235961433,4076.749410096419,1
SELL,4076.35,2026-06-10 23:25:00,4062.139422961439,2026-06-11 01:00:00,478.25217191574933,2.4999999999999836,TP,5.684230815424454,4082.0342308154245,4062.139422961439,1
SELL,4050.57,2026-06-11 01:35:00,4057.8813527769225,2026-06-11 01:35:00,-196.08339048546176,-1.0000000000000167,SL,7.311352776922254,4057.8813527769225,4032.2916180576944,1
SELL,4062.58,2026-06-11 01:45:00,4042.7042523048485,2026-06-11 02:05:00,485.30639145151304,2.5000000000000178,TP,7.950299078060505,4070.5302990780606,4042.7042523048485,1
SELL,4038.48,2026-06-11 02:20:00,4048.233911981474,2026-06-11 02:25:00,-198.97562049512035,-1.000000000000007,SL,9.753911981474106,4048.233911981474,4014.095220046315,1
SELL,4057.79,2026-06-11 02:35:00,4068.2702239880828,2026-06-11 03:15:00,-196.98586429017172,-1.0000000000000202,SL,10.480223988082587,4068.2702239880828,4031.5894400297934,1
SELL,4066.66,2026-06-11 05:40:00,4076.192685632108,2026-06-11 06:05:00,-195.0160056472622,-0.9999999999999802,SL,9.53268563210823,4076.192685632108,4042.8282859197293,1
SELL,4065.27,2026-06-11 06:15:00,4074.8772110341006,2026-06-11 06:50:00,-193.0658455907938,-1.000000000000002,SL,9.607211034100581,4074.8772110341006,4041.2519724147487,1
SELL,4072.59,2026-06-11 07:00:00,4080.370446513939,2026-06-11 07:10:00,-191.13518713488813,-1.0000000000000138,SL,7.780446513938734,4080.370446513939,4053.1388837151535,1
SELL,4077.13,2026-06-11 08:15:00,4083.101164901558,2026-06-11 08:30:00,-189.22383526353696,-1.0000000000000018,SL,5.97116490155803,4083.101164901558,4062.202087746105,1
SELL,4086.03,2026-06-11 14:25:00,4091.1327140117114,2026-06-11 14:30:00,-187.33159691090455,-1.0000000000000175,SL,5.102714011711124,4091.1327140117114,4073.273214970722,1
SELL,4083.23,2026-06-11 14:40:00,4069.575114172987,2026-06-11 15:20:00,463.6457023544847,2.5000000000000226,TP,5.461954330805152,4088.691954330805,4069.575114172987,1
SELL,4068.75,2026-06-11 15:30:00,4075.595847874776,2026-06-11 15:40:00,-190.094737965334,-0.9999999999999839,SL,6.845847874776265,4075.595847874776,4051.635380313059,1
SELL,4077.09,2026-06-11 15:50:00,4085.2453004256427,2026-06-11 16:00:00,-188.19379058568222,-0.9999999999999921,SL,8.155300425642572,4085.2453004256427,4056.7017489358936,1
SELL,4072.97,2026-06-11 16:15:00,4081.4241179473916,2026-06-11 16:25:00,-186.31185267982366,-0.9999999999999828,SL,8.454117947391897,4081.4241179473916,4051.83470513152,1
SELL,4075.04,2026-06-11 16:35:00,4083.2657651159793,2026-06-11 16:45:00,-184.4487341530308,-1.0000000000000118,SL,8.22576511597926,4083.2657651159793,4054.475587210052,1
SELL,4077.66,2026-06-11 17:05:00,4054.0465544258986,2026-06-11 17:10:00,456.51061702874387,2.4999999999999893,TP,9.445378229640523,4087.1053782296403,4054.0465544258986,1
SELL,4063.29,2026-06-11 17:20:00,4073.334105674388,2026-06-11 17:20:00,-187.16935298178882,-1.000000000000016,SL,10.044105674387831,4073.334105674388,4038.17973581403,1
SELL,4074.67,2026-06-11 17:30:00,4085.3406829539367,2026-06-11 18:05:00,-185.29765945197164,-1.0000000000000202,SL,10.670682953936433,4085.3406829539367,4047.993292615159,1
SELL,4076.49,2026-06-11 20:10:00,4083.5001621306537,2026-06-11 20:25:00,-183.44468285745032,-1.0000000000000115,SL,7.010162130653872,4083.5001621306537,4058.964594673365,1
SELL,4179.06,2026-06-12 08:50:00,4184.50632644,2026-06-12 09:10:00,-181.61023602888167,-1.000000000000044,SL,5.4463264399989715,4184.50632644,4165.444183900003,1
SELL,4180.49,2026-06-12 09:20:00,4186.068409833955,2026-06-12 10:55:00,-179.79413366857025,-0.999999999999919,SL,5.5784098339559,4186.068409833955,4166.54397541511,1
SELL,4196.78,2026-06-12 16:05:00,4203.09785357612,2026-06-12 16:20:00,-177.99619233190265,-1.0000000000000198,SL,6.317853576119763,4203.09785357612,4180.9853660597,1
SELL,4202.76,2026-06-12 16:30:00,4208.835536491191,2026-06-12 16:35:00,-176.21623040858586,-1.0000000000000326,SL,6.075536491190889,4208.835536491191,4187.571158772023,1
SELL,4190.49,2026-06-12 16:45:00,4198.392760084237,2026-06-12 17:15:00,-174.45406810450092,-1.0000000000000382,SL,7.902760084237041,4198.392760084237,4170.733099789407,1
SELL,4187.12,2026-06-12 17:25:00,4195.833592030055,2026-06-12 17:50:00,-172.7095274234452,-0.9999999999999764,SL,8.71359203005543,4195.833592030055,4165.336019924861,1
SELL,4324.59,2026-06-15 21:00:00,4313.71843227626,2026-06-15 23:20:00,427.45608037304254,2.5000000000000324,TP,4.348627089496166,4328.938627089497,4313.71843227626,1
SELL,4312.57,2026-06-15 23:30:00,4315.8635063478305,2026-06-16 02:00:00,-175.2569929529598,-1.0000000000000833,SL,3.293506347830497,4315.8635063478305,4304.336234130424,1
SELL,4313.17,2026-06-16 02:15:00,4316.49303025428,2026-06-16 02:35:00,-173.50442302340278,-0.999999999999926,SL,3.323030254279975,4316.49303025428,4304.8624243643,1
SELL,4313.29,2026-06-16 03:15:00,4316.6903087396095,2026-06-16 03:55:00,-171.7693787931597,-0.9999999999998724,SL,3.4003087396099336,4316.6903087396095,4304.789228150975,1
SELL,4315.34,2026-06-16 04:35:00,4319.7871924563715,2026-06-16 05:55:00,-170.05168500525525,-1.0000000000000309,SL,4.447192456371202,4319.7871924563715,4304.222018859072,1
SELL,4316.86,2026-06-16 09:10:00,4320.689697360038,2026-06-16 09:55:00,-168.35116815520917,-1.0000000000000695,SL,3.829697360037887,4320.689697360038,4307.285756599905,1
SELL,4325.07,2026-06-16 17:25:00,4330.508105752644,2026-06-16 18:50:00,-166.6676564736519,-1.0000000000000393,SL,5.43810575264412,4330.508105752644,4311.47473561839,1
SELL,4331.1,2026-06-16 23:15:00,4333.914316984471,2026-06-16 23:25:00,-165.00097990889384,-0.9999999999999091,SL,2.814316984470935,4333.914316984471,4324.064207538823,1
SELL,4332.12,2026-06-16 23:35:00,4334.673080940063,2026-06-16 23:40:00,-163.35097010982838,-1.0000000000000517,SL,2.5530809400632775,4334.673080940063,4325.737297649842,1
SELL,4331.91,2026-06-16 23:50:00,4334.452510504853,2026-06-17 01:00:00,-161.71746040869292,-0.9999999999998224,SL,2.542510504853905,4334.452510504853,4325.553723737865,1
SELL,4332.32,2026-06-17 01:10:00,4334.884072067084,2026-06-17 01:55:00,-160.10028580460775,-0.9999999999998315,SL,2.564072067084885,4334.884072067084,4325.909819832287,1
SELL,4333.59,2026-06-17 02:40:00,4335.686632240981,2026-06-17 03:05:00,-158.49928294656547,-0.9999999999998539,SL,2.096632240981614,4335.686632240981,4328.348419397546,1
SELL,4330.24,2026-06-17 06:15:00,4333.985137366077,2026-06-17 07:15:00,-156.9142901171293,-1.0000000000000402,SL,3.74513736607681,4333.985137366077,4320.877156584807,1
SELL,4329.41,2026-06-17 07:25:00,4321.558844377362,2026-06-17 07:30:00,388.36286803986167,2.4999999999998868,TP,3.140462249055196,4332.550462249055,4321.558844377362,1
SELL,4323.7,2026-06-17 07:40:00,4327.571525350282,2026-06-17 08:00:00,-159.22877589636073,-1.0000000000000655,SL,3.8715253502821003,4327.571525350282,4314.021186624294,1
SELL,4324.56,2026-06-17 08:10:00,4327.94183608319,2026-06-17 08:30:00,-157.63648813740167,-1.000000000000095,SL,3.3818360831889063,4327.94183608319,4316.105409792028,1
SELL,4326.49,2026-06-17 09:00:00,4330.171349786835,2026-06-17 09:50:00,-156.06012325600938,-0.9999999999999788,SL,3.681349786835277,4330.171349786835,4317.286625532912,1
SELL,4327.27,2026-06-17 10:15:00,4330.894368552787,2026-06-17 10:15:00,-154.49952202345185,-0.9999999999999952,SL,3.6243685527861262,4330.894368552787,4318.209078618035,1
SELL,4325.56,2026-06-17 10:35:00,4329.219871153586,2026-06-17 10:35:00,-152.95452680322904,-1.0000000000000715,SL,3.659871153585038,4329.219871153586,4316.410322116038,1
SELL,4326.57,2026-06-17 10:50:00,4330.2850899870355,2026-06-17 12:25:00,-151.42498153518636,-1.0000000000000038,SL,3.7150899870357397,4330.2850899870355,4317.28227503241,1
SELL,4325.71,2026-06-17 14:35:00,4328.602913466397,2026-06-17 15:30:00,-149.9107317198373,-1.0000000000000226,SL,2.8929134663966836,4328.602913466397,4318.477716334009,1
SELL,4306.14,2026-06-17 21:20:00,4274.2120629255005,2026-06-17 21:30:00,371.02906100659044,2.5000000000000107,TP,12.771174829799875,4318.9111748298,4274.2120629255005,1
SELL,4303.8,2026-06-17 21:40:00,4320.539232463399,2026-06-17 21:40:00,-152.12191501270055,-0.999999999999994,SL,16.739232463398466,4320.539232463399,4261.951918841504,1
SELL,4318.64,2026-06-17 21:50:00,4274.560532062317,2026-06-17 22:00:00,376.5017396564375,2.5000000000000093,TP,17.631787175073192,4336.271787175074,4274.560532062317,1
SELL,4268.51,2026-06-17 22:10:00,4222.245915796331,2026-06-17 22:30:00,385.9142831478435,2.499999999999977,TP,18.50563368146776,4287.015633681468,4222.245915796331,1
SELL,4238.54,2026-06-17 22:50:00,4255.5453985865415,2026-06-17 23:10:00,-158.22485609061954,-1.0000000000000144,SL,17.005398586541315,4255.5453985865415,4196.026503533647,1
SELL,4267.06,2026-06-17 23:20:00,4281.882485972058,2026-06-18 02:10:00,-156.64260752970847,-0.9999999999999833,SL,14.822485972057867,4281.882485972058,4230.003785069855,1
SELL,4303.22,2026-06-18 09:25:00,4308.729311508866,2026-06-18 10:10:00,-155.07618145440566,-0.999999999999946,SL,5.509311508866019,4308.729311508866,4289.446721227835,1
SELL,4307.39,2026-06-18 10:20:00,4295.6061910318585,2026-06-18 10:35:00,383.813549099663,2.4999999999999227,TP,4.7135235872568595,4312.103523587257,4295.6061910318585,1
SELL,4297.56,2026-06-18 10:45:00,4284.742887974117,2026-06-18 11:10:00,393.4088878271753,2.500000000000056,TP,5.126844810353099,4302.686844810353,4284.742887974117,1
SELL,4288.02,2026-06-18 11:20:00,4274.98321659465,2026-06-18 11:50:00,403.2441100228512,2.5000000000000333,TP,5.214713362140104,4293.234713362141,4274.98321659465,1
SELL,4271.94,2026-06-18 12:20:00,4257.34356272677,2026-06-18 13:55:00,413.32521277340544,2.4999999999999294,TP,5.838574909292021,4277.778574909292,4257.34356272677,1
SELL,4248.79,2026-06-18 14:30:00,4254.052484688436,2026-06-18 15:10:00,-169.46333723710947,-1.0000000000000506,SL,5.26248468843615,4254.052484688436,4235.633788278909,1
SELL,4249.96,2026-06-18 15:35:00,4256.3174150939585,2026-06-18 16:10:00,-167.76870386473837,-1.000000000000051,SL,6.357415093958155,4256.3174150939585,4234.066462265105,1
SELL,4256.31,2026-06-18 17:00:00,4237.609521192097,2026-06-18 17:15:00,415.22754206520966,2.5000000000000218,TP,7.480191523161127,4263.790191523161,4237.609521192097,1
SELL,4252.7,2026-06-18 17:25:00,4231.823633980591,2026-06-18 18:30:00,425.60823061683715,2.5000000000000044,TP,8.350546407763598,4261.050546407763,4231.823633980591,1
SELL,4227.13,2026-06-18 18:40:00,4235.135427223184,2026-06-18 18:40:00,-174.49937455290979,-1.0000000000000397,SL,8.00542722318337,4235.135427223184,4207.116431942041,1
SELL,4226.92,2026-06-18 18:50:00,4207.47067346023,2026-06-18 22:05:00,431.8859520184404,2.5000000000000338,TP,7.779730615908087,4234.699730615908,4207.47067346023,1
SELL,4209.73,2026-06-18 22:40:00,4214.374616106231,2026-06-18 22:45:00,-177.07324032757492,-1.0000000000000944,SL,4.644616106230859,4214.374616106231,4198.118459734423,1
SELL,4216.33,2026-06-18 22:55:00,4205.396634852962,2026-06-19 01:00:00,438.25626981069195,2.499999999999919,TP,4.373346058815292,4220.703346058815,4205.396634852962,1
SELL,4206.52,2026-06-19 01:10:00,4210.330772359075,2026-06-19 01:50:00,-179.6850706223846,-0.9999999999999735,SL,3.8107723590747913,4210.330772359075,4196.993069102314,1
SELL,4207.2,2026-06-19 02:00:00,4198.940622503639,2026-06-19 02:05:00,444.72054979041997,2.5000000000000346,TP,3.303750998544228,4210.503750998544,4198.940622503639,1
SELL,4197.11,2026-06-19 02:30:00,4187.418663281664,2026-06-19 02:55:00,455.8385635351944,2.50000000000011,TP,3.8765346873342534,4200.986534687334,4187.418663281664,1
SELL,4190.67,2026-06-19 03:05:00,4179.613340063924,2026-06-19 05:05:00,467.23452762356743,2.5000000000000706,TP,4.422663974430418,4195.09266397443,4179.613340063924,1
SELL,4179.84,2026-06-19 05:15:00,4169.6979341182105,2026-06-19 06:00:00,478.9153908141539,2.5000000000000546,TP,4.056826352715782,4183.896826352716,4169.6979341182105,1
SELL,4133.29,2026-06-19 08:30:00,4138.505794950737,2026-06-19 08:30:00,-196.3553102338088,-1.0000000000000506,SL,5.215794950737027,4138.505794950737,4120.250512623157,1
SELL,4131.21,2026-06-19 08:40:00,4136.602955850381,2026-06-19 08:45:00,-194.3917571314653,-1.0000000000000233,SL,5.392955850380406,4136.602955850381,4117.727610374049,1
SELL,4138.75,2026-06-19 08:55:00,4144.005048835017,2026-06-19 09:10:00,-192.44783956016187,-1.0000000000000817,SL,5.255048835016648,4144.005048835017,4125.612377912458,1
SELL,4138.53,2026-06-19 09:35:00,4144.366486543459,2026-06-19 09:45:00,-190.5233611645567,-1.000000000000064,SL,5.836486543459241,4144.366486543459,4123.938783641352,1
SELL,4162.41,2026-06-19 12:45:00,4166.844207295773,2026-06-19 12:45:00,-188.61812755291558,-1.0000000000000882,SL,4.4342072957729854,4166.844207295773,4151.324481760567,1
SELL,4162.66,2026-06-19 13:00:00,4152.004430185119,2026-06-19 13:30:00,466.82986569340886,2.499999999999916,TP,4.262227925952318,4166.922227925952,4152.004430185119,1
SELL,4150.59,2026-06-19 13:40:00,4154.835149532999,2026-06-19 15:00:00,-191.40024493429473,-0.999999999999952,SL,4.24514953299897,4154.835149532999,4139.977126167502,1
SELL,4151.58,2026-06-19 15:30:00,4155.817143570861,2026-06-19 15:50:00,-189.48624248495346,-0.9999999999999606,SL,4.237143570861175,4155.817143570861,4140.987141072847,1
SELL,4152.66,2026-06-19 17:05:00,4159.52122637614,2026-06-22 02:00:00,-187.59138006010528,-0.9999999999999672,SL,6.861226376139936,4159.52122637614,4135.50693405965,1
SELL,4147.64,2026-06-22 02:35:00,4152.305039381919,2026-06-22 03:10:00,-185.7154662595014,-0.9999999999999518,SL,4.6650393819193114,4152.305039381919,4135.977401545202,1
SELL,4192.07,2026-06-22 16:40:00,4196.895531155505,2026-06-22 16:45:00,-183.85831159690787,-0.9999999999999595,SL,4.8255311555051,4196.895531155505,4180.006172111237,1
SELL,4191.65,2026-06-22 17:30:00,4198.071832445711,2026-06-22 17:45:00,-182.0197284809541,-1.000000000000043,SL,6.421832445711239,4198.071832445711,4175.595418885721,1
SELL,4195.19,2026-06-22 18:10:00,4179.589188774491,2026-06-22 18:45:00,450.4988279903302,2.4999999999999356,TP,6.240324490203581,4201.430324490203,4179.589188774491,1
SELL,4178.71,2026-06-22 18:55:00,4185.0148888191015,2026-06-22 19:35:00,-184.70451947603112,-0.9999999999999518,SL,6.30488881910181,4185.0148888191015,4162.947777952246,1
SELL,4181.66,2026-06-22 19:45:00,4186.656586763801,2026-06-22 19:50:00,-182.85747428126672,-0.9999999999999291,SL,4.996586763801488,4186.656586763801,4169.168533090497,1
SELL,4184.0,2026-06-22 20:30:00,4188.369449310936,2026-06-22 21:20:00,-181.02889953847406,-1.0000000000000389,SL,4.369449310935864,4188.369449310936,4173.07637672266,1
SELL,4187.37,2026-06-22 22:30:00,4190.123818940461,2026-06-22 22:55:00,-179.21861054308604,-1.0000000000000209,SL,2.753818940461257,4190.123818940461,4180.485452648847,1
SELL,4184.23,2026-06-23 03:10:00,4186.929574325629,2026-06-23 03:40:00,-177.4264244376777,-1.000000000000148,SL,2.6995743256289284,4186.929574325629,4177.481064185928,1
SELL,4188.38,2026-06-23 04:10:00,4177.253902404781,2026-06-23 04:15:00,439.13040048317566,2.4999999999999374,TP,4.4504390380877545,4192.830439038088,4177.253902404781,1
SELL,4178.25,2026-06-23 04:25:00,4164.826471786918,2026-06-23 04:35:00,450.1086604952714,2.5000000000000298,TP,5.369411285232791,4183.619411285233,4164.826471786918,1
SELL,4161.06,2026-06-23 05:00:00,4145.057370501473,2026-06-23 06:00:00,461.36137700764147,2.4999999999999654,TP,6.401051799411014,4167.4610517994115,4145.057370501473,1
SELL,4140.5,2026-06-23 06:30:00,4146.61639164821,2026-06-23 07:00:00,-189.15816457313443,-0.9999999999999942,SL,6.116391648210119,4146.61639164821,4125.209020879474,1
SELL,4143.83,2026-06-23 07:10:00,4131.277652068758,2026-06-23 07:55:00,468.16645731849934,2.4999999999999405,TP,5.020939172497066,4148.850939172497,4131.277652068758,1
SELL,4134.29,2026-06-23 08:05:00,4118.452197477262,2026-06-23 08:30:00,479.870618751483,2.500000000000052,TP,6.3351210090948875,4140.625121009095,4118.452197477262,1
SELL,4124.94,2026-06-23 08:40:00,4108.3058568508395,2026-06-23 10:40:00,491.8673842202471,2.499999999999934,TP,6.653657259664208,4131.593657259664,4108.3058568508395,1
SELL,4106.35,2026-06-23 10:50:00,4112.791005956988,2026-06-23 12:10:00,-201.66562753029768,-0.9999999999999561,SL,6.441005956987565,4112.791005956988,4090.2474851075312,1
SELL,4119.87,2026-06-23 14:00:00,4124.525855659137,2026-06-23 14:05:00,-199.64897125502162,-1.0000000000000906,SL,4.655855659136738,4124.525855659137,4108.230360852158,1
SELL,4120.98,2026-06-23 14:45:00,4126.170494335363,2026-06-23 15:00:00,-197.65248154246333,-1.0000000000000506,SL,5.190494335363574,4126.170494335363,4108.003764161591,1
SELL,4119.67,2026-06-23 15:10:00,4107.007479903928,2026-06-23 16:15:00,489.18989181755944,2.4999999999999374,TP,5.065008038429132,4124.735008038429,4107.007479903928,1
SELL,4116.25,2026-06-23 16:25:00,4122.579261770032,2026-06-23 16:30:00,-200.5678556452106,-1.0000000000000315,SL,6.329261770031536,4122.579261770032,4100.426845574922,1
SELL,4123.53,2026-06-23 21:25:00,4114.349231690974,2026-06-23 21:45:00,496.4054427218811,2.5000000000000036,TP,3.672307323610216,4127.20230732361,4114.349231690974,1
SELL,4117.55,2026-06-23 22:00:00,4121.081785401658,2026-06-23 22:00:00,-203.52623151597055,-0.9999999999999979,SL,3.5317854016575514,4121.081785401658,4108.720536495856,1
SELL,4122.05,2026-06-23 22:10:00,4112.342579937754,2026-06-23 22:55:00,503.7274230020293,2.5000000000000058,TP,3.8829680248985734,4125.932968024898,4112.342579937754,1
SELL,4111.24,2026-06-23 23:05:00,4101.89764143864,2026-06-24 01:30:00,516.3206085770998,2.5000000000001013,TP,3.736943424543855,4114.976943424544,4101.89764143864,1
SELL,4103.97,2026-06-24 01:45:00,4107.971668809555,2026-06-24 01:50:00,-211.6914495165988,-0.999999999999982,SL,4.00166880955483,4107.971668809555,4093.9658279761134,1
SELL,4104.2,2026-06-24 02:00:00,4094.388204833644,2026-06-24 02:30:00,523.9363375535942,2.5000000000000124,TP,3.9247180665422805,4108.124718066542,4094.388204833644,1
SELL,4095.55,2026-06-24 02:50:00,4100.786213170637,2026-06-24 03:00:00,-214.8138983969886,-1.0000000000000748,SL,5.23621317063641,4100.786213170637,4082.459467073409,1
SELL,4096.17,2026-06-24 03:25:00,4080.8199355653405,2026-06-24 04:00:00,531.6643985325031,2.4999999999999836,TP,6.140025773863858,4102.310025773864,4080.8199355653405,1
SELL,4077.31,2026-06-24 04:10:00,4085.003764120161,2026-06-24 04:10:00,-217.98240339832375,-0.9999999999999819,SL,7.693764120161316,4085.003764120161,4058.0755896995965,1
SELL,4088.2,2026-06-24 04:20:00,4096.217021103608,2026-06-24 04:25:00,-215.8025793643425,-0.9999999999999909,SL,8.017021103608458,4096.217021103608,4068.157447240979,1
SELL,4095.0,2026-06-24 04:40:00,4074.734641182049,2026-06-24 05:15:00,534.111383926749,2.4999999999999836,TP,8.106143527180446,4103.10614352718,4074.734641182049,1
SELL,4075.53,2026-06-24 05:25:00,4057.4588588968763,2026-06-24 05:40:00,547.4641685249221,2.500000000000004,TP,7.228456441249534,4082.7584564412496,4057.4588588968763,1
SELL,4064.91,2026-06-24 05:55:00,4072.7510380529066,2026-06-24 08:25:00,-224.46030909521636,-0.9999999999999938,SL,7.841038052906746,4072.7510380529066,4045.307404867733,1
SELL,4078.6,2026-06-24 10:55:00,4084.094609477598,2026-06-24 11:30:00,-222.21570600426364,-0.9999999999999912,SL,5.494609477598308,4084.094609477598,4064.863476306004,1
SELL,4078.68,2026-06-24 11:50:00,4065.9984615201533,2026-06-24 12:40:00,549.9838723605592,2.5000000000000084,TP,5.072615391938581,4083.7526153919384,4065.9984615201533,1
SELL,4068.7,2026-06-24 12:50:00,4056.844137491836,2026-06-24 13:15:00,563.7334691695731,2.5000000000000075,TP,4.742345003265458,4073.4423450032655,4056.844137491836,1
SELL,4060.77,2026-06-24 13:30:00,4065.2870589081363,2026-06-24 13:40:00,-231.13072235953308,-1.000000000000038,SL,4.517058908136106,4065.2870589081363,4049.4773527296597,1
SELL,4063.24,2026-06-24 13:50:00,4051.5280245551803,2026-06-24 14:00:00,572.0485378398154,2.499999999999969,TP,4.684790177927847,4067.9247901779277,4051.5280245551803,1
SELL,4046.3,2026-06-24 14:25:00,4051.893740559285,2026-06-24 14:50:00,-234.5399005143294,-1.0000000000000095,SL,5.593740559284871,4051.893740559285,4032.315648601788,1
SELL,4046.63,2026-06-24 15:00:00,4030.3678780068853,2026-06-24 15:25:00,580.4862537729631,2.500000000000015,TP,6.504848797245865,4053.134848797246,4030.3678780068853,1
SELL,3986.46,2026-06-24 16:35:00,3997.9992236567446,2026-06-24 16:35:00,-237.99936404691263,-0.9999999999999963,SL,11.539223656744568,3997.9992236567446,3957.6119408581385,1
SELL,4015.46,2026-06-24 17:45:00,3985.493069617385,2026-06-24 20:30:00,589.0484260161068,2.499999999999982,TP,11.986772153046054,4027.446772153046,3985.493069617385,1
SELL,3985.74,2026-06-24 20:40:00,3968.506652473522,2026-06-24 21:00:00,603.7746366665156,2.5000000000000084,TP,6.893339010591057,3992.633339010591,3968.506652473522,1
SELL,3983.7,2026-06-24 21:10:00,3991.8297920969326,2026-06-24 21:10:00,-247.54760103326487,-0.9999999999999768,SL,8.129792096932949,3991.8297920969326,3963.3755197576675,1
SELL,3987.05,2026-06-24 21:20:00,3995.2138513488862,2026-06-24 23:00:00,-245.0721250229381,-1.0000000000000007,SL,8.16385134888605,3995.2138513488862,3966.640371627785,1
SELL,3994.82,2026-06-25 01:55:00,3999.3874301044775,2026-06-25 02:20:00,-242.6214037727116,-1.0000000000000124,SL,4.567430104477296,3999.3874301044775,3983.401424738807,1
SELL,3987.61,2026-06-25 03:35:00,3993.4175607661355,2026-06-25 03:50:00,-240.19518973497802,-0.9999999999999858,SL,5.807560766135421,3993.4175607661355,3973.0910980846616,1
SELL,3991.32,2026-06-25 04:00:00,3998.5602844788273,2026-06-25 04:00:00,-237.7932378376308,-0.9999999999999964,SL,7.2402844788271326,3998.5602844788273,3973.219288802932,1
SELL,3991.24,2026-06-25 04:10:00,3999.2857044740904,2026-06-25 04:25:00,-235.41530545925096,-0.9999999999999815,SL,8.045704474090748,3999.2857044740904,3971.125738814773,1
SELL,3983.36,2026-06-25 04:35:00,3991.958175855482,2026-06-25 06:50:00,-233.06115240466403,-1.000000000000005,SL,8.598175855481669,3991.958175855482,3961.864560361296,1
SELL,3984.82,2026-06-25 08:40:00,3991.6759135755433,2026-06-25 11:00:00,-230.7305408806106,-0.9999999999999758,SL,6.855913575543293,3991.6759135755433,3967.680216061142,1
SELL,3984.21,2026-06-25 13:20:00,3988.8868365333933,2026-06-25 13:25:00,-228.42323547180595,-0.9999999999999819,SL,4.676836533393355,3988.8868365333933,3972.5179086665166,1
SELL,3986.53,2026-06-25 13:35:00,3975.293502310619,2026-06-25 14:35:00,565.3475077927228,2.4999999999999676,TP,4.494599075752616,3991.024599075753,3975.293502310619,1
SELL,3982.36,2026-06-25 14:55:00,3986.7061628480587,2026-06-25 15:30:00,-231.79247819501185,-0.9999999999999681,SL,4.34616284805875,3986.7061628480587,3971.4945928798534,1
SELL,4017.25,2026-06-26 02:55:00,4021.5783511430377,2026-06-26 03:15:00,-229.47455341305817,-0.9999999999999524,SL,4.328351143037914,4021.5783511430377,4006.429122142405,1
SELL,4018.23,2026-06-26 03:25:00,4022.9682400339643,2026-06-26 03:45:00,-227.17980787893708,-0.9999999999999937,SL,4.738240033964333,4022.9682400339643,4006.384399915089,1
SELL,4015.97,2026-06-26 03:55:00,4020.74294000455,2026-06-26 03:55:00,-224.90800980015123,-1.0000000000000093,SL,4.772940004549993,4020.74294000455,4004.0376499886247,1
SELL,4017.17,2026-06-26 04:05:00,4022.6810043916785,2026-06-26 04:15:00,-222.65892970215154,-1.0000000000000175,SL,5.511004391678301,4022.6810043916785,4003.3924890208045,1
SELL,4020.28,2026-06-26 04:35:00,4006.938465994189,2026-06-26 05:20:00,551.0808510128115,2.4999999999999827,TP,5.3366136023245785,4025.616613602325,4006.938465994189,1
SELL,4007.34,2026-06-26 05:30:00,3994.011414569648,2026-06-26 05:35:00,564.8578722881331,2.4999999999999885,TP,5.331434172140895,4012.671434172141,3994.011414569648,1
SELL,3994.78,2026-06-26 06:10:00,4001.079316730449,2026-06-26 06:50:00,-231.59172763812813,-0.9999999999999678,SL,6.299316730449139,4001.079316730449,3979.031708173877,1
SELL,4000.85,2026-06-26 07:05:00,4006.1820660544445,2026-06-26 07:10:00,-229.275810361761,-1.0000000000000293,SL,5.332066054444411,4006.1820660544445,3987.5198348638887,1
SELL,4003.07,2026-06-26 07:40:00,4007.8671799909284,2026-06-26 07:40:00,-226.98305225814252,-1.000000000000026,SL,4.7971799909281465,4007.8671799909284,3991.07705002268,1
SELL,4007.81,2026-06-26 09:00:00,4013.1118370730233,2026-06-26 09:20:00,-224.71322173556194,-1.0000000000000298,SL,5.301837073023149,4013.1118370730233,3994.555407317442,1
SELL,4057.26,2026-06-29 01:30:00,4063.1009810176656,2026-06-29 01:40:00,-222.46608951819294,-0.99999999999997,SL,5.840981017665574,4063.1009810176656,4042.6575474558363,1
SELL,4064.42,2026-06-29 01:55:00,4049.8402044953737,2026-06-29 03:25:00,550.6035715575463,2.500000000000009,TP,5.831918201850546,4070.2519182018505,4049.8402044953737,1
SELL,4053.79,2026-06-29 03:35:00,4059.20116651804,2026-06-29 03:35:00,-225.74746433858576,-0.9999999999999671,SL,5.411166518040041,4059.20116651804,4040.2620837049,1
SELL,4061.73,2026-06-29 04:10:00,4068.566535831188,2026-06-29 05:00:00,-223.4899896952106,-1.0000000000000149,SL,6.836535831187929,4068.566535831188,4044.63866042203,1
SELL,4061.72,2026-06-29 05:10:00,4068.5163135493312,2026-06-29 05:15:00,-221.25508979825514,-1.0,SL,6.796313549331444,4068.5163135493312,4044.7292161266714,1
SELL,4060.19,2026-06-29 05:40:00,4066.7186178161223,2026-06-29 05:45:00,-219.0425389002692,-0.9999999999999842,SL,6.528617816122381,4066.7186178161223,4043.868455459694,1
SELL,4054.56,2026-06-29 07:40:00,4043.4298033446203,2026-06-29 08:30:00,542.130283778173,2.499999999999991,TP,4.452078662151886,4059.012078662152,4043.4298033446203,1
SELL,4050.25,2026-06-29 08:45:00,4055.6274173475063,2026-06-29 08:55:00,-222.27341634905386,-1.0000000000000098,SL,5.3774173475062,4055.6274173475063,4036.8064566312346,1
SELL,4056.91,2026-06-29 09:35:00,4062.1533908038514,2026-06-29 09:45:00,-220.0506821855656,-1.0000000000000204,SL,5.243390803851419,4062.1533908038514,4043.8015229903713,1
SELL,4055.26,2026-06-29 11:45:00,4044.464599325459,2026-06-29 11:55:00,544.6254384092564,2.4999999999999667,TP,4.318160269816565,4059.5781602698166,4044.464599325459,1
SELL,4049.44,2026-06-29 12:05:00,4053.9274866062638,2026-06-29 12:05:00,-223.2964297477914,-0.9999999999999704,SL,4.487486606263834,4053.9274866062638,4038.2212834843403,1
SELL,4049.79,2026-06-29 12:15:00,4038.1554944329264,2026-06-29 12:45:00,552.6586636257894,2.499999999999951,TP,4.653802226829521,4054.4438022268296,4038.1554944329264,1
SELL,4038.17,2026-06-29 13:15:00,4043.614147339602,2026-06-29 15:00:00,-226.59005208657533,-0.9999999999999882,SL,5.444147339601905,4043.614147339602,4024.5596316509955,1
SELL,4039.62,2026-06-29 15:25:00,4044.754542759993,2026-06-29 15:35:00,-224.32415156570917,-0.9999999999999863,SL,5.13454275999318,4044.754542759993,4026.783643100017,1
SELL,4037.68,2026-06-29 16:30:00,4042.723534387217,2026-06-29 16:30:00,-222.08091005004968,-0.9999999999999756,SL,5.043534387217401,4042.723534387217,4025.0711640319564,1
SELL,4035.9,2026-06-29 16:40:00,4041.461925058366,2026-06-29 16:40:00,-219.86010094954926,-0.9999999999999754,SL,5.561925058366024,4041.461925058366,4021.995187354085,1
SELL,4034.96,2026-06-29 16:50:00,4020.628681953267,2026-06-29 17:05:00,544.153749850151,2.5000000000000147,TP,5.732527218693179,4040.692527218693,4020.628681953267,1
SELL,4017.61,2026-06-29 17:20:00,4025.2163335538785,2026-06-29 17:25:00,-223.1030374385668,-1.0000000000000275,SL,7.606333553878149,4025.2163335538785,3998.5941661153047,1
SELL,4026.27,2026-06-29 17:35:00,4008.131921630949,2026-06-29 22:10:00,552.1800176604403,2.500000000000013,TP,7.255231347620391,4033.5252313476203,4008.131921630949,1
SELL,4008.85,2026-06-29 22:20:00,4012.1687103843383,2026-06-29 22:20:00,-226.39380724077017,-0.9999999999999594,SL,3.318710384338509,4012.1687103843383,4000.5532240391535,1
SELL,4016.94,2026-06-29 22:30:00,4020.4547043620064,2026-06-30 01:00:00,-224.12986916838264,-1.0000000000000488,SL,3.51470436200617,4020.4547043620064,4008.1532390949847,1
SELL,4015.74,2026-06-30 01:30:00,4018.4443786826914,2026-06-30 02:05:00,-221.8885704766881,-1.000000000000001,SL,2.704378682691637,4018.4443786826914,4008.9790532932707,1
SELL,4016.52,2026-06-30 02:30:00,4019.4854403355976,2026-06-30 02:30:00,-219.6696847719261,-1.000000000000023,SL,2.965440335597509,4019.4854403355976,4009.1063991610063,1
SELL,4014.95,2026-06-30 02:45:00,4006.897829430295,2026-06-30 03:05:00,543.6824698105107,2.5000000000000298,TP,3.220868227881836,4018.170868227882,4006.897829430295,1
SELL,4010.07,2026-06-30 03:15:00,4000.1124970044125,2026-06-30 03:35:00,557.2745315557613,2.499999999999974,TP,3.9830011982351112,4014.053001198235,4000.1124970044125,1
SELL,3978.8,2026-06-30 04:30:00,3955.5814973166243,2026-06-30 05:10:00,571.2063948446576,2.499999999999984,TP,9.287401073350397,3988.0874010733505,3955.5814973166243,1
SELL,3960.39,2026-06-30 05:20:00,3968.7469411817406,2026-06-30 05:50:00,-234.19462188631562,-1.0000000000000193,SL,8.356941181740533,3968.7469411817406,3939.4976470456486,1
SELL,3962.5,2026-06-30 06:00:00,3970.1537239909617,2026-06-30 06:15:00,-231.85267566745108,-1.0000000000000135,SL,7.653723990961576,3970.1537239909617,3943.365690022596,1
SELL,3965.71,2026-06-30 06:25:00,3972.512791511305,2026-06-30 07:00:00,-229.53414891076739,-0.9999999999999736,SL,6.802791511304983,3972.512791511305,3948.703021221738,1
SELL,3977.05,2026-06-30 08:35:00,3982.6246566670748,2026-06-30 08:40:00,-227.2388074216643,-0.9999999999999937,SL,5.574656667074613,3982.6246566670748,3963.1133583323135,1
SELL,3979.7,2026-06-30 08:50:00,3985.229213082202,2026-06-30 09:00:00,-224.9664193474469,-0.9999999999999903,SL,5.529213082202258,3985.229213082202,3965.876967294494,1
SELL,4021.01,2026-06-30 22:30:00,4014.4646093501974,2026-06-30 23:00:00,556.7918878849247,2.4999999999999467,TP,2.6181562599211805,4023.6281562599215,4014.4646093501974,1
SELL,4019.2,2026-06-30 23:10:00,4012.127294017458,2026-06-30 23:30:00,570.7116850820721,2.5000000000000546,TP,2.829082393016626,4022.0290823930163,4012.127294017458,1
SELL,4013.91,2026-07-01 01:05:00,4016.7752711281623,2026-07-01 01:05:00,-233.99179088364485,-1.000000000000001,SL,2.865271128162473,4016.7752711281623,4006.746822179594,1
SELL,4014.74,2026-07-01 01:15:00,4017.6842899013236,2026-07-01 01:40:00,-231.65187297481472,-1.0000000000000284,SL,2.944289901323744,4017.6842899013236,4007.37927524669,1
SELL,4013.02,2026-07-01 01:50:00,4015.940314277345,2026-07-01 02:05:00,-229.3353542450737,-1.0000000000000595,SL,2.9203142773447404,4015.940314277345,4005.719214306638,1
SELL,4013.91,2026-07-01 02:15:00,4006.3552155399434,2026-07-01 02:50:00,567.6050017565251,2.5000000000000084,TP,3.021913784022571,4016.9319137840225,4006.3552155399434,1
SELL,4005.55,2026-07-01 03:00:00,4008.435310192825,2026-07-01 03:10:00,-232.71805072016932,-0.9999999999999777,SL,2.8853101928248823,4008.435310192825,3998.336724517938,1
SELL,4002.29,2026-07-01 03:20:00,4005.394588307405,2026-07-01 03:20:00,-230.39087021295632,-0.9999999999999285,SL,3.1045883074050327,4005.394588307405,3994.5285292314875,1
SELL,4001.58,2026-07-01 03:30:00,4004.9345174691402,2026-07-01 03:30:00,-228.08696151085846,-1.0000000000000666,SL,3.354517469140095,4004.9345174691402,3993.19370632715,1
SELL,4000.79,2026-07-01 03:40:00,3992.0798794351444,2026-07-01 04:00:00,564.5152297393374,2.500000000000003,TP,3.484048225942202,4004.2740482259424,3992.0798794351444,1
SELL,3977.55,2026-07-01 05:00:00,3982.8209139148958,2026-07-01 05:30:00,-231.45124419313134,-1.0000000000000144,SL,5.270913914895497,3982.8209139148958,3964.3727152127612,1
SELL,3983.78,2026-07-01 05:40:00,3971.7304314188273,2026-07-01 08:00:00,572.8418293779852,2.499999999999971,TP,4.819827432469229,3988.5998274324693,3971.7304314188273,1
SELL,3973.05,2026-07-01 08:10:00,3976.7320485611335,2026-07-01 08:30:00,-234.86515004496496,-0.9999999999999506,SL,3.6820485611335245,3976.7320485611335,3963.8448785971664,1
SELL,3975.15,2026-07-01 08:40:00,3965.4919001671165,2026-07-01 09:05:00,581.291246361321,2.500000000000016,TP,3.8632399331534297,3979.0132399331537,3965.4919001671165,1
SELL,3964.97,2026-07-01 09:15:00,3969.440156942611,2026-07-01 09:20:00,-238.3294110081454,-1.000000000000022,SL,4.470156942610985,3969.440156942611,3953.7946076434723,1
SELL,3967.2,2026-07-01 09:30:00,3971.4146774063106,2026-07-01 09:40:00,-235.9461168980694,-1.000000000000045,SL,4.214677406310594,3971.4146774063106,3956.6633064842235,1
SELL,3969.75,2026-07-01 09:50:00,3974.0772785142035,2026-07-01 10:50:00,-233.58665572908373,-1.0000000000000244,SL,4.327278514203393,3974.0772785142035,3958.9318037144917,1
SELL,4037.54,2026-07-01 23:25:00,4042.055929965809,2026-07-02 01:45:00,-100.00000000000486,-1.0000000000000486,SL,4.515929965808717,4042.055929965809,4026.250175085478,2
SELL,4041.61,2026-07-02 02:10:00,4033.860677065478,2026-07-02 02:25:00,247.4999999999933,2.4999999999999334,TP,3.0997291738090014,4044.709729173809,4033.860677065478,2
SELL,4038.69,2026-07-02 02:35:00,4041.972199370298,2026-07-02 03:10:00,-101.47499999999833,-0.9999999999999847,SL,3.2821993702978536,4041.972199370298,4030.4845015742553,2
SELL,4039.11,2026-07-02 03:45:00,4043.2738943780982,2026-07-02 03:45:00,-100.46024999999479,-0.9999999999999493,SL,4.163894378098332,4043.2738943780982,4028.7002640547544,2
SELL,4171.49,2026-07-03 16:30:00,4162.077331721527,2026-07-03 17:05:00,248.6391187500094,2.500000000000096,TP,3.7650673113889215,4175.255067311388,4162.077331721527,2
SELL,4161.98,2026-07-03 17:15:00,4166.392811244575,2026-07-03 17:25:00,-101.94203868750039,-1.0000000000000033,SL,4.412811244575081,4166.392811244575,4150.947971888562,2
SELL,4164.66,2026-07-03 17:35:00,4168.884803257922,2026-07-03 17:55:00,-100.92261830063444,-1.0000000000000933,SL,4.2248032579214545,4168.884803257922,4154.097991855197,2
SELL,4167.42,2026-07-03 18:30:00,4170.959552973261,2026-07-03 19:45:00,-99.9133921176141,-0.9999999999999539,SL,3.5395529732615425,4170.959552973261,4158.571117566847,2
SELL,4170.43,2026-07-06 06:05:00,4154.314448646329,2026-07-06 08:00:00,247.28564549110126,2.499999999999949,TP,6.446220541468706,4176.876220541469,4154.314448646329,2
SELL,4156.36,2026-07-06 08:35:00,4146.263367462354,2026-07-06 08:55:00,253.46778662837417,2.499999999999904,TP,4.038653015058453,4160.398653015058,4146.263367462354,2
SELL,4151.06,2026-07-06 09:10:00,4155.74295725292,2026-07-06 09:25:00,-103.92179251763058,-0.9999999999999353,SL,4.682957252919853,4155.74295725292,4139.352606867701,2
SELL,4155.69,2026-07-06 09:40:00,4160.120641542188,2026-07-06 10:40:00,-102.88257459245288,-0.9999999999999212,SL,4.430641542189172,4160.120641542188,4144.613396144527,2
SELL,4156.15,2026-07-06 11:20:00,4145.766008641319,2026-07-06 12:25:00,254.63437211633854,2.4999999999999742,TP,4.1535965434723465,4160.303596543472,4145.766008641319,2
SELL,4141.16,2026-07-06 12:40:00,4145.169766796267,2026-07-06 13:10:00,-104.40009256768943,-0.9999999999999001,SL,4.009766796267686,4145.169766796267,4131.135583009331,2
SELL,4146.91,2026-07-06 15:25:00,4137.714696192953,2026-07-06 15:40:00,258.3902291050498,2.499999999999927,TP,3.678121522818872,4150.588121522819,4137.714696192953,2
SELL,4139.26,2026-07-06 15:55:00,4143.743821566089,2026-07-06 16:00:00,-105.93999393308414,-1.000000000000101,SL,4.483821566087956,4143.743821566089,4128.050446084781,2
SELL,4145.47,2026-07-06 16:10:00,4133.385847320796,2026-07-06 17:05:00,262.2014849843531,2.499999999999967,TP,4.8336610716819175,4150.303661071682,4133.385847320796,2
SELL,4140.59,2026-07-06 17:15:00,4147.137748468725,2026-07-06 18:25:00,-107.50260884358879,-1.0000000000000249,SL,6.547748468724259,4147.137748468725,4124.22062882819,2
SELL,4143.89,2026-07-06 19:05:00,4149.04494587525,2026-07-06 19:35:00,-106.42758275515631,-1.0000000000000568,SL,5.15494587524943,4149.04494587525,4131.0026353118765,2
SELL,4152.88,2026-07-07 03:55:00,4144.768364072987,2026-07-07 04:00:00,263.40826731899637,2.4999999999999964,TP,3.244654370805079,4156.124654370805,4144.768364072987,2
SELL,4139.01,2026-07-07 04:35:00,4144.1120337181865,2026-07-07 04:45:00,-107.99738960078196,-0.9999999999999378,SL,5.102033718186566,4144.1120337181865,4126.254915704534,2
SELL,4143.86,2026-07-07 04:55:00,4132.105121497219,2026-07-07 05:50:00,267.2935392619475,2.499999999999957,TP,4.701951401112173,4148.561951401111,4132.105121497219,2
SELL,4136.49,2026-07-07 06:00:00,4124.549233655571,2026-07-07 06:45:00,273.9758777435089,2.5000000000000733,TP,4.7763065377714575,4141.266306537771,4124.549233655571,2
SELL,4127.63,2026-07-07 06:55:00,4131.9049923531875,2026-07-07 07:00:00,-112.33010987483352,-0.9999999999999831,SL,4.274992353187444,4131.9049923531875,4116.942519117031,2
SELL,4136.13,2026-07-07 07:15:00,4124.831675304601,2026-07-07 08:00:00,278.0170219402068,2.4999999999999023,TP,4.519329878159801,4140.64932987816,4124.831675304601,2
SELL,4125.98,2026-07-07 08:10:00,4129.966121871423,2026-07-07 09:40:00,-113.98697899549367,-1.00000000000004,SL,3.9861218714230064,4129.966121871423,4116.014695321442,2
SELL,4126.92,2026-07-07 10:05:00,4131.054724908571,2026-07-07 10:15:00,-112.84710920553255,-0.9999999999999853,SL,4.134724908571176,4131.054724908571,4116.583187728572,2
SELL,4126.9,2026-07-07 10:25:00,4131.09765613582,2026-07-07 10:45:00,-111.71863811346678,-0.9999999999998919,SL,4.197656135821034,4131.09765613582,4116.405859660447,2
SELL,4126.36,2026-07-07 10:55:00,4130.323706899772,2026-07-07 11:05:00,-110.60145173234672,-1.0000000000000226,SL,3.96370689977257,4130.323706899772,4116.450732750568,2
SELL,4127.94,2026-07-07 11:50:00,4132.0979216451,2026-07-07 12:40:00,-109.49543721502286,-1.0000000000000195,SL,4.157921645099951,4132.0979216451,4117.54519588725,2
SELL,4127.25,2026-07-07 12:50:00,4131.82670461605,2026-07-07 12:55:00,-108.40048284287576,-1.0000000000000484,SL,4.576704616049716,4131.82670461605,4115.808238459876,2
SELL,4132.09,2026-07-07 14:10:00,4135.356041814621,2026-07-07 14:15:00,-107.31647801444866,-1.0000000000000644,SL,3.2660418146204107,4135.356041814621,4123.9248954634495,2
SELL,4138.9,2026-07-07 19:00:00,4144.394986690742,2026-07-07 19:15:00,-106.24331323429607,-0.9999999999999889,SL,5.494986690742796,4144.394986690742,4125.162533273143,2
SELL,4144.37,2026-07-07 19:25:00,4132.092872894451,2026-07-07 21:45:00,262.9522002548858,2.5000000000000004,TP,4.910850842219587,4149.2808508422195,4132.092872894451,2
SELL,4112.39,2026-07-07 22:35:00,4095.986126657441,2026-07-08 01:00:00,269.52600526125525,2.4999999999999756,TP,6.561549337023708,4118.951549337024,4095.986126657441,2
SELL,4103.9,2026-07-08 01:15:00,4108.58422978475,2026-07-08 03:30:00,-110.50566215712465,-1.000000000000081,SL,4.684229784750262,4108.58422978475,4092.189425538124,2
SELL,4103.87,2026-07-08 04:10:00,4109.847059905156,2026-07-08 04:10:00,-109.400605535546,-1.000000000000014,SL,5.977059905156155,4109.847059905156,4088.9273502371093,2
SELL,4106.76,2026-07-08 04:20:00,4112.776342469242,2026-07-08 05:05:00,-108.30659948018973,-1.0000000000000064,SL,6.016342469241824,4112.776342469242,4091.7191438268956,2
SELL,4117.85,2026-07-08 11:15:00,4107.410614873573,2026-07-08 11:15:00,268.0588337134576,2.499999999999905,TP,4.175754050571208,4122.025754050572,4107.410614873573,2
SELL,4050.47,2026-07-08 13:20:00,4057.4141345207117,2026-07-08 13:40:00,-109.90412182252001,-0.9999999999999847,SL,6.944134520712048,4057.4141345207117,4033.1096636982197,2
SELL,4055.6,2026-07-08 13:50:00,4061.822820555182,2026-07-08 14:40:00,-108.80508060429258,-0.9999999999999639,SL,6.222820555182122,4061.822820555182,4040.0429486120447,2
SELL,4067.4,2026-07-08 16:30:00,4074.6991442012572,2026-07-08 16:30:00,-107.71702979825561,-1.0000000000000187,SL,7.299144201257013,4074.6991442012572,4049.1521394968577,2
SELL,4069.37,2026-07-08 16:50:00,4049.3979898003367,2026-07-08 17:35:00,266.5996487506801,2.5000000000000235,TP,7.988804079865183,4077.358804079865,4049.3979898003367,2
SELL,4044.42,2026-07-08 17:55:00,4022.773705562677,2026-07-08 18:30:00,273.2646399694433,2.499999999999988,TP,8.65851777492921,4053.0785177749294,4022.773705562677,2
SELL,4029.15,2026-07-08 18:40:00,4037.2832223044147,2026-07-08 18:50:00,-112.03850238746968,-0.9999999999999768,SL,8.133222304414819,4037.2832223044147,4008.816944238963,2
SELL,4034.07,2026-07-08 19:00:00,4041.262796028644,2026-07-08 19:10:00,-110.91811736359455,-0.9999999999999727,SL,7.192796028644094,4041.262796028644,4016.08800992839,2
SELL,4040.54,2026-07-08 19:20:00,4046.9247763268977,2026-07-08 19:40:00,-109.80893618996184,-1.000000000000002,SL,6.384776326897724,4046.9247763268977,4024.5780591827556,2
SELL,4069.4,2026-07-09 04:55:00,4074.6814329016556,2026-07-09 05:00:00,-108.71084682805817,-0.9999999999999647,SL,5.281432901655721,4074.6814329016556,4056.196417745861,2
SELL,4067.44,2026-07-09 05:55:00,4055.9032408921944,2026-07-09 06:10:00,269.05934589945485,2.500000000000012,TP,4.614703643122244,4072.054703643122,4055.9032408921944,2
SELL,4058.97,2026-07-09 06:25:00,4063.7811319192783,2026-07-09 06:55:00,-110.31433181878035,-1.0000000000000397,SL,4.811131919278332,4063.7811319192783,4046.942170201804,2
SELL,4061.08,2026-07-09 07:05:00,4065.312557598739,2026-07-09 08:00:00,-109.21118850058853,-1.0000000000000033,SL,4.2325575987392625,4065.312557598739,4050.498606003152,2
SELL,4119.2,2026-07-10 03:40:00,4121.824091577536,2026-07-10 03:40:00,-108.11907661559464,-1.0000000000001141,SL,2.624091577535792,4121.824091577536,4112.6397710561605,2
SELL,4112.71,2026-07-10 04:40:00,4117.397214752657,2026-07-10 04:55:00,-107.03788584942842,-1.0000000000000193,SL,4.687214752657292,4117.397214752657,4100.991963118357,2
SELL,4118.11,2026-07-10 05:05:00,4122.6974515402035,2026-07-10 05:05:00,-105.96750699094203,-1.0000000000000941,SL,4.58745154020337,4122.6974515402035,4106.6413711494915,2
SELL,4120.98,2026-07-10 07:15:00,4111.771287045432,2026-07-10 08:30:00,262.2695798025471,2.4999999999999094,TP,3.6834851818273333,4124.663485181827,4111.771287045432,2
SELL,4109.41,2026-07-10 08:40:00,4112.721848701987,2026-07-10 08:40:00,-107.5305277190565,-1.000000000000078,SL,3.311848701987143,4112.721848701987,4101.130378245032,2
SELL,4111.83,2026-07-10 08:50:00,4115.447563421611,2026-07-10 08:55:00,-106.45522244186083,-1.0000000000000306,SL,3.6175634216114103,4115.447563421611,4102.786091445972,2
SELL,4115.12,2026-07-10 09:15:00,4118.644830475212,2026-07-10 09:15:00,-105.39067021744646,-1.0000000000000713,SL,3.524830475211933,4118.644830475212,4106.30792381197,2
SELL,4114.66,2026-07-10 09:30:00,4105.333175515633,2026-07-10 10:40:00,260.84190878816315,2.5000000000000187,TP,3.7307297937466224,4118.390729793747,4105.333175515633,2
SELL,4104.86,2026-07-10 10:50:00,4108.425923645833,2026-07-10 10:55:00,-106.94518260314032,-0.9999999999999457,SL,3.5659236458334025,4108.425923645833,4095.945190885416,2
SELL,4105.05,2026-07-10 11:05:00,4095.710774189235,2026-07-10 11:45:00,264.6893269427836,2.4999999999999702,TP,3.735690324306096,4108.785690324306,4095.710774189235,2
SELL,4096.88,2026-07-10 11:55:00,4100.5871346236,2026-07-10 12:10:00,-108.52262404653547,-0.9999999999999348,SL,3.707134623600055,4100.5871346236,4087.612163441,2
SELL,4101.29,2026-07-10 12:20:00,4104.853278908714,2026-07-10 12:55:00,-107.43739780606828,-0.999999999999917,SL,3.5632789087142784,4104.853278908714,4092.381802728214,2
SELL,4104.24,2026-07-10 14:00:00,4107.245672843215,2026-07-10 14:00:00,-106.36302382801883,-1.0000000000000218,SL,3.005672843215441,4107.245672843215,4096.725817891961,2
SELL,4105.65,2026-07-10 14:10:00,4098.111878692558,2026-07-10 14:35:00,263.248483974341,2.5000000000000018,TP,3.015248522976615,4108.665248522976,4098.111878692558,2
SELL,4102.14,2026-07-10 15:00:00,4105.668865017783,2026-07-10 15:10:00,-107.93187842948436,-1.0000000000000429,SL,3.528865017782513,4105.668865017783,4093.317837455544,2
SELL,4101.8,2026-07-10 15:35:00,4106.320642041451,2026-07-10 16:15:00,-106.85255964518447,-0.9999999999999961,SL,4.520642041450646,4106.320642041451,4090.4983948963736,2
SELL,4096.72,2026-07-10 16:25:00,4101.641846154369,2026-07-10 16:40:00,-105.78403404873234,-0.9999999999999933,SL,4.9218461543687555,4101.641846154369,4084.4153846140784,2
SELL,4099.69,2026-07-10 17:00:00,4105.5247232809825,2026-07-10 17:20:00,-104.72619370824356,-0.9999999999999793,SL,5.834723280982992,4105.5247232809825,4085.103191797542,2
SELL,4089.81,2026-07-10 17:35:00,4097.743590778531,2026-07-10 17:40:00,-103.67893177116319,-0.9999999999999991,SL,7.9335907785312045,4097.743590778531,4069.9760230536717,2
SELL,4092.56,2026-07-10 18:00:00,4100.619958575544,2026-07-10 18:10:00,-102.64214245345494,-1.000000000000032,SL,8.05995857554373,4100.619958575544,4072.4101035611407,2
SELL,4103.14,2026-07-10 20:50:00,4106.353448456983,2026-07-10 22:55:00,-101.61572102892684,-1.000000000000096,SL,3.213448456982097,4106.353448456983,4095.106378857545,2
SELL,4085.66,2026-07-13 01:20:00,4071.5008806415285,2026-07-13 01:45:00,251.49890954656686,2.4999999999999734,TP,5.663647743388598,4091.3236477433884,4071.5008806415285,2
SELL,4074.48,2026-07-13 02:30:00,4079.2204549527314,2026-07-13 02:50:00,-103.11455291408991,-0.9999999999999654,SL,4.740454952731562,4079.2204549527314,4062.6288626181713,2
SELL,4082.06,2026-07-13 03:20:00,4069.6953259125944,2026-07-13 03:30:00,255.20851846237687,2.499999999999955,TP,4.945869634962308,4087.0058696349624,4069.6953259125944,2
SELL,4069.02,2026-07-13 03:40:00,4074.8841137193917,2026-07-13 03:45:00,-104.63549256957363,-0.9999999999999738,SL,5.864113719391907,4074.8841137193917,4054.35971570152,2
SELL,4074.24,2026-07-13 03:55:00,4080.176165394134,2026-07-13 04:05:00,-103.58913764388053,-0.9999999999999992,SL,5.936165394134155,4080.176165394134,4059.3995865146644,2
SELL,4073.25,2026-07-13 04:20:00,4079.754868261149,2026-07-13 04:25:00,-102.55324626744147,-0.9999999999999967,SL,6.504868261149134,4079.754868261149,4056.987829347127,2
SELL,4073.96,2026-07-13 04:55:00,4056.6417442088,2026-07-13 06:10:00,253.81928451191814,2.4999999999999964,TP,6.927302316480027,4080.88730231648,4056.6417442088,2
SELL,4059.53,2026-07-13 06:20:00,4065.070495618512,2026-07-13 08:05:00,-104.06590664988641,-0.9999999999999986,SL,5.540495618511621,4065.070495618512,4045.678760953721,2
SELL,4060.69,2026-07-13 08:25:00,4048.87387227773,2026-07-13 09:00:00,257.56311895846505,2.4999999999999596,TP,4.726451088908183,4065.416451088908,4048.87387227773,2
SELL,4052.58,2026-07-13 09:10:00,4058.318944375293,2026-07-13 09:25:00,-105.600878772976,-1.0000000000000344,SL,5.73894437529296,4058.318944375293,4038.2326390617677,2
SELL,4056.32,2026-07-13 09:50:00,4061.3300126122,2026-07-13 10:35:00,-104.54486998523856,-0.9999999999999614,SL,5.01001261219991,4061.3300126122,4043.7949684695004,2
SELL,4057.26,2026-07-13 10:45:00,4061.9722160769265,2026-07-13 10:55:00,-103.49942128539296,-1.0000000000000266,SL,4.712216076926199,4061.9722160769265,4045.4794598076846,2
SELL,4057.95,2026-07-13 13:55:00,4062.5465709718706,2026-07-13 14:00:00,-102.46442707253671,-1.000000000000004,SL,4.596570971870714,4062.5465709718706,4046.458572570323,2
SELL,4064.62,2026-07-13 14:10:00,4053.1013990295187,2026-07-13 16:40:00,253.59945700453179,2.500000000000044,TP,4.6074403881923995,4069.2274403881925,4053.1013990295187,2
SELL,4050.5,2026-07-13 16:50:00,4037.56593292206,2026-07-13 17:05:00,259.9394434296423,2.5000000000000164,TP,5.173626831176046,4055.673626831176,4037.56593292206,2
SELL,4014.74,2026-07-13 18:15:00,3995.725177880732,2026-07-13 19:30:00,266.4379295153791,2.499999999999976,TP,7.60592884770711,4022.345928847707,3995.725177880732,2
SELL,4000.44,2026-07-13 19:45:00,3985.565832759814,2026-07-14 03:05:00,273.0988777532687,2.500000000000023,TP,5.949666896074395,4006.3896668960742,3985.565832759814,2
SELL,3994.66,2026-07-14 03:15:00,3998.9834494743,2026-07-14 03:30:00,-111.97053987884388,-1.0000000000000422,SL,4.323449474299923,3998.9834494743,3983.85137631425,2
SELL,3998.51,2026-07-14 04:05:00,4004.207608810948,2026-07-14 04:15:00,-110.85083448005157,-1.0000000000000078,SL,5.697608810947669,4004.207608810948,3984.265977972631,2
SELL,3997.34,2026-07-14 04:25:00,4003.4409458363566,2026-07-14 04:30:00,-109.74232613524681,-0.9999999999999691,SL,6.100945836356647,4003.4409458363566,3982.0876354091083,2
SELL,3997.36,2026-07-14 04:40:00,4003.368647231223,2026-07-14 04:45:00,-108.64490287389567,-0.9999999999999811,SL,6.008647231222881,4003.368647231223,3982.338381921943,2
SELL,4052.85,2026-07-14 22:05:00,4057.0116653591062,2026-07-14 22:10:00,-107.55845384515898,-1.000000000000002,SL,4.161665359106329,4057.0116653591062,4042.445836602234,2
SELL,4056.19,2026-07-14 22:20:00,4060.0482029132495,2026-07-15 03:55:00,-106.48286930670587,-0.9999999999999876,SL,3.8582029132494906,4060.0482029132495,4046.5444927168764,2
SELL,4046.17,2026-07-15 04:40:00,4036.5971720403068,2026-07-15 04:40:00,263.5451015341062,2.500000000000056,TP,3.8291311838772395,4049.999131183877,4036.5971720403068,2
SELL,4041.21,2026-07-15 04:50:00,4030.49860752455,2026-07-15 05:15:00,270.13372907245747,2.500000000000042,TP,4.2845569901798815,4045.4945569901797,4030.49860752455,2
SELL,4032.9,2026-07-15 05:30:00,4037.380906344521,2026-07-15 05:35:00,-110.75482891970398,-0.9999999999999841,SL,4.480906344520989,4037.380906344521,4021.697734138698,2
SELL,4041.26,2026-07-15 05:45:00,4030.5492481423903,2026-07-15 06:20:00,274.1182015762731,2.5000000000000124,TP,4.284300743043947,4045.544300743044,4030.5492481423903,2
SELL,4030.68,2026-07-15 06:30:00,4034.7078310730867,2026-07-15 06:35:00,-112.38846264627709,-1.0000000000000502,SL,4.02783107308667,4034.7078310730867,4020.6104223172833,2
SELL,4028.96,2026-07-15 06:45:00,4033.0296336980946,2026-07-15 06:50:00,-111.26457801980895,-1.0000000000000027,SL,4.069633698094538,4033.0296336980946,4018.7859157547637,2
SELL,4030.98,2026-07-15 07:00:00,4034.6661425782486,2026-07-15 07:25:00,-110.15193223961417,-1.0000000000000326,SL,3.6861425782484436,4034.6661425782486,4021.764643554379,2
SELL,4031.47,2026-07-15 07:35:00,4034.62554493128,2026-07-15 08:00:00,-109.05041291722007,-1.0000000000000517,SL,3.155544931279856,4034.62554493128,4023.5811376718,2
SELL,4030.86,2026-07-15 08:10:00,4022.817930267533,2026-07-15 08:30:00,269.8997719701017,2.4999999999999645,TP,3.2168278929868848,4034.0768278929872,4022.817930267533,2
SELL,4029.48,2026-07-15 08:45:00,4033.3368098686783,2026-07-15 08:55:00,-110.65890650774108,-0.9999999999999805,SL,3.8568098686783587,4033.3368098686783,4019.8379753283043,2
SELL,4030.98,2026-07-15 09:05:00,4021.2160431422244,2026-07-15 09:20:00,273.88079360666586,2.5000000000000115,TP,3.9055827431102266,4034.8855827431103,4021.2160431422244,2
SELL,4026.28,2026-07-15 09:30:00,4030.2117462282044,2026-07-15 09:35:00,-112.29112537873793,-1.0000000000000484,SL,3.931746228204057,4030.2117462282044,4016.45063442949,2
SELL,4029.89,2026-07-15 09:50:00,4033.854072626607,2026-07-15 10:00:00,-111.16821412494573,-1.0000000000000056,SL,3.964072626607027,4033.854072626607,4019.9798184334823,2
SELL,4029.21,2026-07-15 10:10:00,4019.498247195926,2026-07-15 11:10:00,275.14132995923507,2.4999999999999627,TP,3.8847011216296448,4033.09470112163,4019.498247195926,2
SELL,4023.94,2026-07-15 11:20:00,4028.2859676425414,2026-07-15 11:30:00,-112.80794528328333,-0.9999999999999585,SL,4.345967642541562,4028.2859676425414,4013.0750808936464,2
SELL,4027.26,2026-07-15 12:30:00,4030.762746225052,2026-07-15 13:00:00,-111.679865830448,-0.9999999999999357,SL,3.5027462250520762,4030.762746225052,4018.50313443737,2
SELL,4028.66,2026-07-15 13:30:00,4032.182190393355,2026-07-15 13:35:00,-110.56306717215074,-1.0000000000000004,SL,3.52219039335523,4032.182190393355,4019.854524016612,2
SELL,4028.39,2026-07-15 13:50:00,4031.9178568779835,2026-07-15 14:10:00,-109.4574365004281,-0.9999999999999899,SL,3.5278568779836306,4031.9178568779835,4019.5703578050407,2
SELL,4029.16,2026-07-15 14:20:00,4032.3770066627426,2026-07-15 14:30:00,-108.36286213541746,-0.9999999999999313,SL,3.2170066627429543,4032.3770066627426,4021.1174833431423,2
SELL,4034.61,2026-07-15 19:30:00,4039.4951097146695,2026-07-15 20:25:00,-107.27923351407237,-1.0000000000000153,SL,4.885109714669323,4039.4951097146695,4022.397225713327,2
SELL,4045.65,2026-07-16 04:10:00,4035.3898502484303,2026-07-16 04:25:00,265.51610294732683,2.500000000000017,TP,4.10405990062788,4049.754059900628,4035.3898502484303,2
SELL,4041.64,2026-07-16 04:35:00,4029.834994446678,2026-07-16 05:15:00,272.15400552101283,2.5000000000000426,TP,4.722002221328613,4046.3620022213286,4029.834994446678,2
SELL,4034.5,2026-07-16 05:30:00,4024.074296439747,2026-07-16 09:35:00,278.9578556590288,2.499999999999958,TP,4.170281424101338,4038.670281424101,4024.074296439747,2
SELL,4026.79,2026-07-16 09:45:00,4030.367952818411,2026-07-16 09:55:00,-114.3727208201979,-0.9999999999999492,SL,3.577952818411359,4030.367952818411,4017.8451179539716,2
SELL,4029.03,2026-07-16 10:05:00,4032.291989547237,2026-07-16 11:00:00,-113.22899361199805,-0.9999999999999675,SL,3.261989547236787,4032.291989547237,4020.8750261319083,2
SELL,4028.2,2026-07-16 11:10:00,4031.4614506729345,2026-07-16 11:20:00,-112.09670367588241,-1.000000000000006,SL,3.2614506729346235,4031.4614506729345,4020.0463733176634,2
SELL,4031.71,2026-07-16 12:35:00,4034.558699179857,2026-07-16 12:40:00,-110.97573663912664,-1.0000000000000335,SL,2.8486991798566987,4034.558699179857,4024.5882520503583,2
SELL,4032.16,2026-07-16 12:50:00,4034.9784300649217,2026-07-16 12:50:00,-109.86597927273594,-1.0000000000000389,SL,2.8184300649217033,4034.9784300649217,4025.113924837696,2
SELL,4031.51,2026-07-16 13:00:00,4023.9823892733193,2026-07-16 14:25:00,271.9182987000174,2.5000000000000604,TP,3.011044290672289,4034.5210442906723,4023.9823892733193,2
SELL,4029.65,2026-07-16 14:35:00,4032.835748012845,2026-07-16 14:40:00,-111.48650246700615,-1.000000000000015,SL,3.1857480128450764,4032.835748012845,4021.6856299678875,2
SELL,4031.6,2026-07-16 15:15:00,4018.546763361209,2026-07-16 15:15:00,275.929093605837,2.5000000000000084,TP,5.221294655516413,4036.8212946555163,4018.546763361209,2
SELL,4020.8,2026-07-16 15:25:00,4027.2022387590932,2026-07-16 15:30:00,-113.13092837838899,-0.9999999999999666,SL,6.402238759093266,4027.2022387590932,4004.794403102267,2
SELL,4014.85,2026-07-16 15:40:00,3997.6414189561515,2026-07-16 15:50:00,279.99904773652287,2.5000000000000053,TP,6.883432417539355,4021.7334324175395,3997.6414189561515,2
SELL,3992.18,2026-07-16 16:15:00,4001.1022382110577,2026-07-16 16:25:00,-114.79960957197176,-0.9999999999999792,SL,8.922238211058087,4001.1022382110577,3969.8744044723544,2
SELL,3992.96,2026-07-16 16:35:00,4001.9258940427435,2026-07-16 17:30:00,-113.65161347625559,-1.0000000000000102,SL,8.965894042743365,4001.9258940427435,3970.545264893142,2
SELL,3999.79,2026-07-16 17:40:00,4007.6560473325676,2026-07-16 18:20:00,-112.51509734149334,-1.000000000000013,SL,7.866047332567528,4007.6560473325676,3980.124881668581,2
SELL,3999.49,2026-07-16 19:05:00,3982.971579440633,2026-07-16 19:20:00,278.4748659201889,2.4999999999999694,TP,6.607368223746825,4006.097368223747,3982.971579440633,2
SELL,3987.3,2026-07-16 19:30:00,3993.5669954853256,2026-07-16 19:50:00,-114.17469502728007,-1.0000000000000109,SL,6.2669954853253556,3993.5669954853256,3971.6325112866866,2
SELL,3992.1,2026-07-16 20:00:00,3978.576777891251,2026-07-16 21:35:00,282.5823701925196,2.5000000000000404,TP,5.409288843499511,3997.5092888434992,3978.576777891251,2
SELL,3982.89,2026-07-16 21:45:00,3972.019409440364,2026-07-16 22:35:00,289.64692944732764,2.4999999999999964,TP,4.348236223854298,3987.238236223854,3972.019409440364,2
SELL,3975.46,2026-07-16 22:45:00,3979.5182845367503,2026-07-16 22:50:00,-118.75524107340824,-1.0000000000000315,SL,4.058284536750179,3979.5182845367503,3965.3142886581245,2
SELL,3979.81,2026-07-16 23:00:00,3984.232383792726,2026-07-17 02:55:00,-117.56768866267375,-1.0000000000000284,SL,4.422383792725997,3984.232383792726,3968.754040518185,2
SELL,3982.73,2026-07-17 05:05:00,3971.2255536508883,2026-07-17 05:35:00,290.98002944010716,2.4999999999999822,TP,4.601778539644725,3987.331778539645,3971.2255536508883,2
SELL,3974.69,2026-07-17 05:45:00,3979.311892378762,2026-07-17 05:55:00,-119.30181207044328,-0.9999999999999877,SL,4.62189237876197,3979.311892378762,3963.1352690530953,2
SELL,3980.9,2026-07-17 07:55:00,3984.8532896875154,2026-07-17 08:30:00,-118.10879394973963,-0.9999999999999943,SL,3.9532896875153023,3984.8532896875154,3971.016775781212,2
SELL,3985.44,2026-07-17 15:25:00,3975.54438172737,2026-07-17 15:40:00,292.31926502560594,2.4999999999999885,TP,3.958247309052076,3989.3982473090523,3975.54438172737,2
SELL,3974.42,2026-07-17 16:05:00,3980.5550705035107,2026-07-17 16:35:00,-119.85089866049952,-1.0000000000000047,SL,6.135070503510605,3980.5550705035107,3959.0823237412237,2
SELL,3994.7,2026-07-20 01:30:00,3998.7702465865245,2026-07-20 01:30:00,-118.65238967388939,-0.9999999999999614,SL,4.070246586524875,3998.7702465865245,3984.524383533688,2
SELL,3996.92,2026-07-20 01:40:00,3986.8109225367,2026-07-20 03:00:00,293.66466444288886,2.5000000000000098,TP,4.043630985319926,4000.96363098532,3986.8109225367,2
SELL,3988.27,2026-07-20 03:10:00,3992.3872445833563,2026-07-20 03:10:00,-120.4025124215804,-0.9999999999999702,SL,4.117244583356419,3992.3872445833563,3977.976888541609,2
SELL,3996.97,2026-07-20 04:45:00,4002.642110558545,2026-07-20 04:45:00,-119.19848729736509,-0.9999999999999741,SL,5.672110558545374,4002.642110558545,3982.7897236036365,2
SELL,3998.54,2026-07-20 04:55:00,4004.3576871652763,2026-07-20 05:00:00,-118.00650242439269,-0.9999999999999845,SL,5.817687165276402,4004.3576871652763,3983.995782086809,2
SELL,4004.57,2026-07-20 09:35:00,4007.9905706456007,2026-07-20 10:20:00,-116.82643740015422,-1.000000000000031,SL,3.4205706456003857,4007.9905706456007,3996.0185733859994,2
SELL,4006.53,2026-07-20 10:30:00,4009.929408072983,2026-07-20 10:30:00,-115.65817302615466,-1.0000000000000484,SL,3.3994080729824594,4009.929408072983,3998.031479817544,2
SELL,4011.5,2026-07-20 15:50:00,4016.4437115071223,2026-07-20 16:40:00,-114.50159129589139,-1.0000000000000338,SL,4.943711507122149,4016.4437115071223,3999.1407212321947,2
SELL,4010.67,2026-07-20 16:50:00,3998.9221741314514,2026-07-20 17:10:00,283.39143845731616,2.4999999999999525,TP,4.699130347419576,4015.3691303474197,3998.9221741314514,2
SELL,4002.03,2026-07-20 17:20:00,4006.9240291344777,2026-07-20 17:30:00,-116.19048976749762,-0.9999999999999643,SL,4.894029134477653,4006.9240291344777,3989.7949271638063,2
SELL,4007.18,2026-07-20 17:45:00,4011.752558754216,2026-07-20 17:45:00,-115.02858486982144,-0.9999999999999536,SL,4.572558754216273,4011.752558754216,3995.748603114459,2
SELL,4007.87,2026-07-20 17:55:00,4012.597206272768,2026-07-20 18:05:00,-113.87829902112436,-0.9999999999999631,SL,4.727206272768118,4012.597206272768,3996.0519843180796,2
SELL,4011.04,2026-07-20 18:40:00,4015.8985859966356,2026-07-20 18:50:00,-112.73951603092144,-1.0000000000000364,SL,4.858585996635434,4015.8985859966356,3998.893535008411,2
SELL,4011.63,2026-07-20 19:00:00,4015.962126839075,2026-07-20 19:05:00,-111.6121208706099,-1.000000000000016,SL,4.332126839074975,4015.962126839075,4000.7996829023127,2
SELL,4012.12,2026-07-20 19:20:00,4016.3269487882867,2026-07-20 22:30:00,-110.49599966190527,-1.0000000000000293,SL,4.206948788286685,4016.3269487882867,4001.602628029283,2
SELL,4005.53,2026-07-20 22:45:00,4009.0325273678486,2026-07-20 22:45:00,-109.39103966528987,-1.0000000000000628,SL,3.502527367848195,4009.0325273678486,3996.7736815803796,2
SELL,4006.95,2026-07-20 23:00:00,4010.407344251881,2026-07-21 01:25:00,-108.2971292686279,-0.99999999999998,SL,3.4573442518813646,4010.407344251881,3998.3066393702966,2
SELL,4007.74,2026-07-21 01:40:00,4001.7797036120746,2026-07-21 01:50:00,268.0353949398603,2.500000000000007,TP,2.384118555170055,4010.12411855517,4001.7797036120746,2
SELL,4000.21,2026-07-21 02:00:00,4003.051551958929,2026-07-21 02:00:00,-109.89451192534435,-1.0000000000000178,SL,2.841551958928853,4003.051551958929,3993.106120102678,2
SELL,4002.86,2026-07-21 02:15:00,4006.4002549758625,2026-07-21 02:15:00,-108.79556680608518,-0.9999999999999653,SL,3.5402549758624766,4006.4002549758625,3994.009362560344,2
SELL,4004.67,2026-07-21 02:25:00,4008.186852504698,2026-07-21 02:40:00,-107.70761113803358,-1.0000000000000508,SL,3.5168525046977295,4008.186852504698,3995.8778687382555,2
SELL,4004.88,2026-07-21 03:05:00,4008.4640008751617,2026-07-21 03:10:00,-106.63053502665196,-1.0000000000000393,SL,3.584000875161423,4008.4640008751617,3995.9199978120964,2
SELL,4050.96,2026-07-21 16:30:00,4055.4005976531867,2026-07-21 16:30:00,-105.56422967637626,-0.9999999999999528,SL,4.440597653186824,4055.4005976531867,4039.858505867033,2
SELL,4052.7,2026-07-21 16:40:00,4057.618678588717,2026-07-21 17:05:00,-104.50858737961931,-1.0000000000000175,SL,4.918678588717198,4057.618678588717,4040.403303528207,2
SELL,4135.4,2026-07-22 22:10:00,4127.580738672079,2026-07-23 01:00:00,258.6587537645643,2.5000000000001075,TP,3.1277045311681397,4138.527704531168,4127.580738672079,2
SELL,4123.19,2026-07-23 01:10:00,4126.699292940593,2026-07-23 01:25:00,-106.05008904347072,-1.0000000000000357,SL,3.50929294059357,4126.699292940593,4114.416767648516,2
SELL,4125.36,2026-07-23 01:35:00,4129.110466200452,2026-07-23 02:45:00,-104.9895881530395,-1.0000000000000693,SL,3.7504662004518776,4129.110466200452,4115.98383449887,2
SELL,4126.98,2026-07-23 03:50:00,4130.995689178431,2026-07-23 03:55:00,-103.93969227149474,-0.9999999999999318,SL,4.0156891784320585,4130.995689178431,4116.940777053919,2
SELL,4122.82,2026-07-23 04:40:00,4128.165097836677,2026-07-23 05:50:00,-102.90029534877982,-0.9999999999999314,SL,5.345097836677636,4128.165097836677,4109.457255408305,2
SELL,4125.37,2026-07-23 06:50:00,4129.265608153128,2026-07-23 07:25:00,-101.87129239531043,-1.0000000000001115,SL,3.8956081531273616,4129.265608153128,4115.630979617182,2
SELL,4125.59,2026-07-23 07:40:00,4128.952535517971,2026-07-23 08:45:00,-100.85257947135811,-1.0000000000001203,SL,3.3625355179706777,4128.952535517971,4117.183661205074,2
SELL,4123.87,2026-07-23 09:00:00,4127.225201571214,2026-07-23 09:00:00,-99.84405367663302,-1.0000000000000062,SL,3.35520157121389,4127.225201571214,4115.481996071965,2
SELL,4122.39,2026-07-23 09:10:00,4125.858617681302,2026-07-23 09:15:00,-98.84561313987383,-1.0000000000000788,SL,3.468617681301748,4125.858617681302,4113.718455796746,2
SELL,4121.95,2026-07-23 09:30:00,4113.089531731853,2026-07-23 10:05:00,244.6428925211629,2.499999999999945,TP,3.544187307258913,4125.4941873072585,4113.089531731853,2
SELL,4109.38,2026-07-23 10:20:00,4099.092474205999,2026-07-23 10:40:00,250.75896483419496,2.4999999999999765,TP,4.115010317600575,4113.495010317601,4099.092474205999,2
SELL,4095.84,2026-07-23 11:10:00,4083.425466384551,2026-07-23 14:20:00,257.0279389550545,2.500000000000022,TP,4.965813446179665,4100.80581344618,4083.425466384551,2
SELL,4084.18,2026-07-23 14:30:00,4074.6159040125253,2026-07-23 14:40:00,263.45363742892863,2.500000000000001,TP,3.8256383949897996,4088.0056383949895,4074.6159040125253,2
SELL,4081.55,2026-07-23 14:50:00,4085.6337960276787,2026-07-23 14:50:00,-108.01599134585794,-0.9999999999999744,SL,4.08379602767865,4085.6337960276787,4071.3405099308034,2
SELL,4085.47,2026-07-23 15:00:00,4074.9147509097234,2026-07-23 15:15:00,267.33957858100064,2.4999999999999556,TP,4.222099636110654,4089.6920996361105,4074.9147509097234,2
SELL,4072.31,2026-07-23 15:30:00,4060.0703528947615,2026-07-23 16:00:00,274.02306804552904,2.499999999999988,TP,4.895858842095391,4077.2058588420955,4060.0703528947615,2
SELL,4051.39,2026-07-23 16:25:00,4057.848043274583,2026-07-23 16:25:00,-112.34945789867082,-1.0000000000000302,SL,6.458043274582711,4057.848043274583,4035.2448918135433,2
SELL,4062.67,2026-07-23 16:35:00,4045.903044471882,2026-07-23 16:55:00,278.0649082991987,2.4999999999999716,TP,6.70678221124734,4069.3767822112472,4045.903044471882,2
SELL,4043.84,2026-07-23 17:05:00,4051.3006862585275,2026-07-23 17:20:00,-114.00661240266955,-0.999999999999972,SL,7.460686258527612,4051.3006862585275,4025.188284353681,2
SELL,4055.96,2026-07-23 17:30:00,4037.263394684007,2026-07-24 05:45:00,282.16636569661387,2.4999999999999893,TP,7.478642126397276,4063.438642126397,4037.263394684007,2
SELL,4031.62,2026-07-24 06:15:00,4035.7593336147283,2026-07-24 09:20:00,-115.68820993560726,-0.9999999999999575,SL,4.139333614728633,4035.7593336147283,4021.2716659631783,2
SELL,4054.23,2026-07-24 21:55:00,4057.4371751907943,2026-07-24 22:40:00,-114.53132783626307,-1.0000000000000608,SL,3.2071751907940644,4057.4371751907943,4046.212062023015,2
SELL,4055.31,2026-07-24 22:50:00,4058.1678237814103,2026-07-27 01:00:00,-113.38601455789379,-1.0000000000000029,SL,2.8578237814103806,4058.1678237814103,4048.165440546474,2
SELL,4086.6,2026-07-27 15:30:00,4077.051007292551,2026-07-27 16:25:00,280.6303860307856,2.499999999999994,TP,3.819597082979645,4090.4195970829796,4077.051007292551,2
SELL,4079.81,2026-07-27 16:35:00,4084.6204358026625,2026-07-27 16:35:00,-115.05845827262226,-0.9999999999999989,SL,4.810435802662601,4084.6204358026625,4067.7839104933432,2
SELL,4086.6,2026-07-27 16:45:00,4074.006841190689,2026-07-27 16:55:00,284.76968422473766,2.4999999999999765,TP,5.037263523724371,4091.6372635237244,4074.006841190689,2
SELL,4075.29,2026-07-27 17:05:00,4081.072887169437,2026-07-27 19:05:00,-116.75557053214135,-0.9999999999999815,SL,5.782887169436997,4081.072887169437,4060.8327820764075,2
SELL,4076.05,2026-07-27 20:05:00,4080.2767215128324,2026-07-27 22:10:00,-115.58801482682445,-1.0000000000000202,SL,4.2267215128321425,4080.2767215128324,4065.4831962179196,2
SELL,4077.09,2026-07-27 23:35:00,4079.66157043422,2026-07-28 01:00:00,-114.43213467855892,-1.0000000000000442,SL,2.5715704342195522,4079.66157043422,4070.661073914451,2
SELL,4078.88,2026-07-28 01:10:00,4072.774616963916,2026-07-28 01:20:00,283.219533329417,2.499999999999967,TP,2.4421532144337426,4081.322153214434,4072.774616963916,2
SELL,4072.27,2026-07-28 01:30:00,4074.74780164404,2026-07-28 01:35:00,-116.12000866506324,-1.0000000000000069,SL,2.477801644040011,4074.74780164404,4066.0754958899,2
SELL,4074.66,2026-07-28 01:45:00,4069.0235384366288,2026-07-28 03:00:00,287.3970214460398,2.500000000000089,TP,2.254584625348354,4076.914584625348,4069.0235384366288,2
SELL,4066.35,2026-07-28 03:10:00,4060.168862325965,2026-07-28 03:20:00,294.58194698216977,2.499999999999908,TP,2.4724550696139884,4068.822455069614,4060.168862325965,2
SELL,4064.08,2026-07-28 03:35:00,4056.3290308625023,2026-07-28 04:00:00,301.94649565673336,2.4999999999999876,TP,3.100387654999046,4067.180387654999,4056.3290308625023,2
SELL,4057.66,2026-07-28 04:15:00,4048.6905641038343,2026-07-28 04:25:00,309.49515804815,2.4999999999999747,TP,3.5877743584662674,4061.247774358466,4048.6905641038343,2
SELL,4046.11,2026-07-28 05:10:00,4049.9404427919203,2026-07-28 06:30:00,-126.89301479974309,-1.0000000000000027,SL,3.830442791920167,4049.9404427919203,4036.5338930201997,2
SELL,4048.67,2026-07-28 06:40:00,4040.9882154070156,2026-07-28 08:00:00,314.0602116293549,2.4999999999999334,TP,3.0727138371938874,4051.742713837194,4040.9882154070156,2
SELL,4041.2,2026-07-28 08:10:00,4043.7965180749834,2026-07-28 08:30:00,-128.76468676803043,-0.9999999999999343,SL,2.5965180749837486,4043.7965180749834,4034.7087048125404,2
SELL,4037.05,2026-07-28 08:40:00,4039.91139857529,2026-07-28 08:40:00,-127.47703990036116,-1.0000000000000204,SL,2.86139857528991,4039.91139857529,4029.8965035617753,2
SELL,4041.44,2026-07-28 08:50:00,4044.5261038735916,2026-07-28 08:55:00,-126.20226950134573,-0.9999999999999267,SL,3.0861038735918087,4044.5261038735916,4033.7247403160204,2
SELL,4047.78,2026-07-28 10:50:00,4050.524267128702,2026-07-28 11:00:00,-124.9402468063503,-1.0000000000000702,SL,2.7442671287015292,4050.524267128702,4040.9193321782463,2
SELL,4044.17,2026-07-28 11:15:00,4047.637819928112,2026-07-28 11:15:00,-123.69084433827558,-0.9999999999999802,SL,3.46781992811209,4047.637819928112,4035.50045017972,2
SELL,4045.54,2026-07-28 11:35:00,4036.374252982689,2026-07-28 12:30:00,306.13483973723436,2.4999999999999694,TP,3.666298806924396,4049.206298806924,4036.374252982689,2
SELL,4032.0,2026-07-28 12:40:00,4022.6726732546285,2026-07-28 12:55:00,313.7882107306731,2.500000000000033,TP,3.730930698148537,4035.7309306981483,4022.6726732546285,2
SELL,4022.54,2026-07-28 13:35:00,4026.8667506214692,2026-07-28 13:50:00,-128.6531663995708,-0.9999999999999729,SL,4.32675062146939,4026.8667506214692,4011.7231234463266,2
SELL,4026.37,2026-07-28 14:00:00,4030.3883289486844,2026-07-28 14:15:00,-127.36663473558188,-1.0000000000000255,SL,4.018328948684381,4030.3883289486844,4016.324177628289,2
SELL,4028.47,2026-07-28 14:25:00,4032.6312883589126,2026-07-28 15:20:00,-126.09296838822458,-1.000000000000014,SL,4.161288358912712,4032.6312883589126,4018.066779102718,2
SELL,4028.43,2026-07-28 15:35:00,4032.743029474446,2026-07-28 15:40:00,-124.83203870434434,-1.0000000000000302,SL,4.313029474445881,4032.743029474446,4017.6474263138853,2
SELL,4029.28,2026-07-28 16:00:00,4033.625926237311,2026-07-28 16:00:00,-123.58371831729681,-0.9999999999999976,SL,4.345926237310788,4033.625926237311,4018.4151844067233,2
SELL,4028.66,2026-07-28 16:30:00,4017.4754027600147,2026-07-28 17:20:00,305.86970283530655,2.499999999999969,TP,4.473838895994105,4033.133838895994,4017.4754027600147,2
SELL,4022.07,2026-07-28 17:30:00,4027.707678930289,2026-07-28 17:45:00,-125.40657816247715,-0.9999999999999993,SL,5.637678930288988,4027.707678930289,4007.9758026742775,2
SELL,4024.62,2026-07-28 18:00:00,4029.9257206765237,2026-07-28 18:10:00,-124.15251238085614,-1.0000000000000298,SL,5.305720676523675,4029.9257206765237,4011.3556983086905,2
SELL,4026.32,2026-07-28 20:55:00,4029.850245195509,2026-07-28 21:05:00,-122.91098725703844,-0.9999999999999557,SL,3.5302451955091527,4029.850245195509,4017.4943870112274,2
SELL,4028.04,2026-07-28 21:15:00,4020.1581478401617,2026-07-29 01:20:00,304.20469346118665,2.500000000000024,TP,3.1527408639352568,4031.1927408639353,4020.1581478401617,2
SELL,4020.69,2026-07-29 01:30:00,4014.128179608602,2026-07-29 01:30:00,311.80981079771664,2.500000000000026,TP,2.624728156559258,4023.3147281565593,4014.128179608602,2
SELL,4014.84,2026-07-29 01:40:00,4017.813362543156,2026-07-29 01:40:00,-127.84202242707032,-1.000000000000061,SL,2.9733625431556905,4017.813362543156,4007.4065936421107,2
SELL,4016.63,2026-07-29 01:50:00,4019.6546340295577,2026-07-29 02:10:00,-126.56360220278543,-0.9999999999999496,SL,3.0246340295576988,4019.6546340295577,4009.068414926106,2
SELL,4016.21,2026-07-29 02:20:00,4019.5122875135435,2026-07-29 02:30:00,-125.29796618076371,-0.999999999999998,SL,3.30228751354344,4019.5122875135435,4007.954281216141,2
SELL,4018.71,2026-07-29 02:40:00,4021.9466486275073,2026-07-29 02:40:00,-124.04498651896324,-1.0000000000000557,SL,3.2366486275071122,4021.9466486275073,4010.618378431232,2
SELL,4017.84,2026-07-29 03:10:00,4021.8200129178067,2026-07-29 03:15:00,-122.80453665377027,-1.0000000000000293,SL,3.9800129178064454,4021.8200129178067,4007.889967705484,2
SELL,4020.81,2026-07-29 03:50:00,4010.4590993406555,2026-07-29 04:00:00,303.9412282180683,2.499999999999966,TP,4.140360263737841,4024.950360263738,4010.4590993406555,2
SELL,4014.85,2026-07-29 04:10:00,4019.442861294581,2026-07-29 04:25:00,-124.61590356941144,-1.0000000000000142,SL,4.592861294580806,4019.442861294581,4003.3678467635477,2
SELL,4021.62,2026-07-29 07:15:00,4024.667507244409,2026-07-29 07:25:00,-123.36974453371015,-0.999999999999956,SL,3.0475072444093234,4024.667507244409,4014.0012318889767,2
SELL,4024.86,2026-07-29 07:40:00,4027.731622607579,2026-07-29 08:00:00,-122.13604708838444,-1.0000000000000488,SL,2.871622607578816,4027.731622607579,4017.680943481053,2
SELL,4028.91,2026-07-29 13:40:00,4031.381510736567,2026-07-29 14:15:00,-120.914686617503,-1.0000000000000693,SL,2.471510736567154,4031.381510736567,4022.731223158582,2
SELL,4031.61,2026-07-29 14:40:00,4034.0085620278546,2026-07-29 14:45:00,-119.70553975132042,-1.0000000000000069,SL,2.3985620278544793,4034.0085620278546,4025.613594930364,2
SELL,4030.33,2026-07-29 15:05:00,4023.9718232962446,2026-07-29 15:15:00,296.2712108845249,2.5000000000000755,TP,2.543270681502068,4032.873270681502,4023.9718232962446,2
SELL,4018.17,2026-07-29 15:35:00,4022.005765654738,2026-07-29 15:35:00,-121.47119646265675,-1.000000000000042,SL,3.8357656547376093,4022.005765654738,4008.580585863156,2
SELL,4020.8,2026-07-29 15:45:00,4024.803644875769,2026-07-29 16:00:00,-120.25648449802625,-1.0000000000000098,SL,4.003644875768675,4024.803644875769,4010.7908878105786,2
SELL,4016.0,2026-07-29 16:10:00,4020.0615199523613,2026-07-29 16:20:00,-119.05391965304503,-1.0000000000000018,SL,4.061519952361316,4020.0615199523613,4005.846200119097,2
SELL,4014.41,2026-07-29 16:30:00,4002.7887600635545,2026-07-29 16:55:00,294.6584511412898,2.500000000000033,TP,4.6484959745780845,4019.058495974578,4002.7887600635545,2
SELL,4005.99,2026-07-29 17:05:00,4011.233956415349,2026-07-29 18:30:00,-120.80996496792596,-0.9999999999999891,SL,5.24395641534926,4011.233956415349,3992.880108961627,2
SELL,4008.51,2026-07-29 18:40:00,4013.3696606372273,2026-07-29 18:50:00,-119.60186531825258,-1.0000000000000384,SL,4.859660637226893,4013.3696606372273,3996.360848406933,2
SELL,4010.16,2026-07-29 19:00:00,4014.6139758813993,2026-07-29 19:05:00,-118.40584666506787,-1.0000000000000202,SL,4.4539758813993116,4014.6139758813993,3999.0250602965016,2
SELL,4009.31,2026-07-29 19:15:00,4013.994681126616,2026-07-29 19:20:00,-117.22178819841301,-0.9999999999999847,SL,4.684681126616014,4013.994681126616,3997.59829718346,2
SELL,4057.86,2026-07-30 06:50:00,4045.2394415344743,2026-07-30 07:55:00,290.12392579107967,2.5000000000000258,TP,5.048223386210286,4062.9082233862105,4045.2394415344743,2
SELL,4045.74,2026-07-30 08:15:00,4049.450302962489,2026-07-30 08:30:00,-118.95080957434531,-1.0000000000000324,SL,3.710302962488975,4049.450302962489,4036.4642425937773,2
SELL,4033.66,2026-07-30 09:00:00,4039.1878556903503,2026-07-30 09:05:00,-117.76130147859486,-0.9999999999999731,SL,5.527855690350555,4039.1878556903503,4019.8403607741234,2
SELL,4032.13,2026-07-30 09:15:00,4037.531355303098,2026-07-30 09:20:00,-116.58368846381195,-0.999999999999999,SL,5.401355303097722,4037.531355303098,4018.6266117422556,2
SELL,4032.91,2026-07-30 09:30:00,4038.420370845811,2026-07-30 09:50:00,-115.41785157917002,-0.9999999999999658,SL,5.510370845811128,4038.420370845811,4019.134072885472,2
SELL,4036.23,2026-07-30 10:00:00,4041.1917544390385,2026-07-30 10:00:00,-114.26367306338678,-1.0000000000000395,SL,4.96175443903829,4041.1917544390385,4023.8256139024043,2
SELL,4040.92,2026-07-30 10:35:00,4046.168150885183,2026-07-30 10:40:00,-113.12103633275085,-1.0000000000000218,SL,5.24815088518278,4046.168150885183,4027.799622787043,2
SELL,4041.71,2026-07-30 10:50:00,4047.0733700782603,2026-07-30 11:05:00,-111.98982596941723,-0.9999999999999674,SL,5.363370078260407,4047.0733700782603,4028.301574804349,2
SELL,4094.73,2026-07-31 04:00:00,4097.900958517576,2026-07-31 04:00:00,-110.86992770972817,-1.0000000000000133,SL,3.1709585175762673,4097.900958517576,4086.8026037060595,2
SELL,4097.75,2026-07-31 04:10:00,4088.7576276853265,2026-07-31 04:10:00,274.4030710815778,2.5000000000000386,TP,3.5969489258693454,4101.34694892587,4088.7576276853265,2
SELL,4093.64,2026-07-31 04:20:00,4082.977189177654,2026-07-31 04:50:00,281.26314785861047,2.499999999999977,TP,4.2651243289383665,4097.905124328939,4082.977189177654,2
SELL,4084.04,2026-07-31 05:00:00,4088.2553383734194,2026-07-31 05:05:00,-115.31789062202586,-0.9999999999999526,SL,4.215338373419599,4088.2553383734194,4073.501654066451,2
SELL,4085.31,2026-07-31 05:15:00,4074.6593272536415,2026-07-31 05:45:00,285.4117792895309,2.500000000000028,TP,4.2602690985433105,4089.570269098543,4074.6593272536415,2
SELL,4076.4,2026-07-31 05:55:00,4080.244474327386,2026-07-31 07:30:00,-117.01882950870854,-1.0000000000000184,SL,3.8444743273857256,4080.244474327386,4066.7888141815356,2
SELL,4075.35,2026-07-31 07:50:00,4078.074836404063,2026-07-31 07:55:00,-115.84864121362654,-1.0000000000000626,SL,2.724836404062728,4078.074836404063,4068.537908989843,2
SELL,4078.93,2026-07-31 08:35:00,4081.548399035299,2026-07-31 09:05:00,-114.6901548014778,-0.9999999999999546,SL,2.6183990352993813,4081.548399035299,4072.384002411751,2
SELL,4078.4,2026-07-31 09:35:00,4069.131607870381,2026-07-31 10:30:00,283.85813313366907,2.4999999999999862,TP,3.7073568518477464,4082.1073568518477,4069.131607870381,2
SELL,4071.94,2026-07-31 10:40:00,4063.553742997806,2026-07-31 11:00:00,290.95458646200586,2.499999999999944,TP,3.354502800877783,4075.294502800878,4063.553742997806,2
SELL,4064.57,2026-07-31 11:10:00,4056.257469569904,2026-07-31 11:30:00,298.2284511235546,2.4999999999999343,TP,3.325012172038529,4067.8950121720386,4056.257469569904,2
SELL,4059.71,2026-07-31 11:40:00,4063.5325355994187,2026-07-31 11:55:00,-122.2736649606563,-0.9999999999999655,SL,3.822535599418775,4063.5325355994187,4050.153661001453,2
SELL,4060.38,2026-07-31 12:05:00,4050.4216571205684,2026-07-31 12:35:00,302.6273207776318,2.499999999999974,TP,3.983337151772726,4064.3633371517726,4050.4216571205684,2
SELL,4052.88,2026-07-31 12:45:00,4056.3747253324136,2026-07-31 12:45:00,-124.07720151883363,-1.000000000000027,SL,3.4947253324134144,4056.3747253324136,4044.143186668967,2
SELL,4055.6,2026-07-31 12:55:00,4059.008309087642,2026-07-31 14:10:00,-122.8364295036367,-0.9999999999999573,SL,3.408309087642156,4059.008309087642,4047.0792272808944,2
SELL,4054.18,2026-07-31 14:35:00,4057.5300498530487,2026-07-31 15:05:00,-121.60806520860218,-0.9999999999999721,SL,3.3500498530489518,4057.5300498530487,4045.8048753673775,2
SELL,4050.55,2026-07-31 15:25:00,4041.606864487175,2026-07-31 15:45:00,300.97996139130527,2.5000000000000537,TP,3.5772542051300804,4054.12725420513,4041.606864487175,2
SELL,4045.2,2026-07-31 15:55:00,4034.825334946732,2026-07-31 16:10:00,308.5044604260779,2.4999999999999707,TP,4.149866021307256,4049.349866021307,4034.825334946732,2
SELL,4037.63,2026-07-31 16:20:00,4041.802093351448,2026-07-31 16:20:00,-126.48682877468978,-0.9999999999999715,SL,4.172093351448103,4041.802093351448,4027.1997666213797,2
SELL,4042.44,2026-07-31 16:30:00,4030.686507954149,2026-07-31 16:35:00,313.0549012173638,2.499999999999981,TP,4.701396818340472,4047.1413968183406,4030.686507954149,2
SELL,4028.6,2026-07-31 16:55:00,4034.227510373044,2026-07-31 17:15:00,-128.35250949911716,-0.9999999999999768,SL,5.627510373044191,4034.227510373044,4014.5312240673893,2
SELL,4035.06,2026-07-31 17:25:00,4041.082850999876,2026-07-31 17:35:00,-127.06898440412675,-0.9999999999999828,SL,6.022850999876131,4041.082850999876,4020.0028725003094,2
SELL,4040.98,2026-07-31 18:30:00,4046.466523556346,2026-07-31 18:55:00,-125.79829456008704,-0.9999999999999948,SL,5.486523556346157,4046.466523556346,4027.2636911091345,2
SELL,4042.36,2026-07-31 19:45:00,4046.607196420312,2026-07-31 20:15:00,-124.54031161448798,-1.000000000000009,SL,4.247196420311827,4046.607196420312,4031.7420089492207,2
SELL,4047.84,2026-07-31 22:15:00,4050.712321777659,2026-07-31 22:30:00,-123.29490849834986,-1.0000000000000644,SL,2.8723217776585415,4050.712321777659,4040.659195555854,2
SELL,4047.66,2026-07-31 23:25:00,4050.2760990515862,2026-07-31 23:30:00,-122.06195941335008,-0.9999999999999316,SL,2.6160990515865676,4050.2760990515862,4041.1197523710334,2
SELL,4053.16,2026-08-03 04:50:00,4058.141834568067,2026-08-03 05:00:00,-120.84133981922604,-1.000000000000009,SL,4.981834568067325,4058.141834568067,4040.7054135798317,2
SELL,4055.8,2026-08-03 05:10:00,4060.8797765800336,2026-08-03 05:45:00,-119.63292642102869,-0.9999999999999666,SL,5.079776580033637,4060.8797765800336,4043.100558549916,2
SELL,4059.62,2026-08-03 10:40:00,4049.0748984181805,2026-08-03 12:30:00,296.09149289205743,2.5000000000000124,TP,4.218040632727732,4063.838040632728,4049.0748984181805,2
SELL,4052.29,2026-08-03 12:40:00,4056.1738444197317,2026-08-03 12:45:00,-121.39751208573901,-0.9999999999999674,SL,3.883844419731885,4056.1738444197317,4042.58038895067,2
SELL,4056.77,2026-08-03 12:55:00,4047.5514812407514,2026-08-03 13:50:00,300.4588424122203,2.500000000000053,TP,3.6874075036993545,4060.4574075036994,4047.5514812407514,2
SELL,4049.14,2026-08-03 14:00:00,4052.27500421513,2026-08-03 14:05:00,-123.1881253890093,-1.0000000000000124,SL,3.135004215130227,4052.27500421513,4041.3024894621744,2
SELL,4049.56,2026-08-03 14:15:00,4052.754695430263,2026-08-03 14:40:00,-121.95624413512573,-1.000000000000066,SL,3.194695430262771,4052.754695430263,4041.573261424343,2
SELL,4050.61,2026-08-03 15:20:00,4041.1746285362005,2026-08-03 16:00:00,301.8417042344157,2.4999999999999973,TP,3.7741485855198373,4054.38414858552,4041.1746285362005,2
SELL,4043.83,2026-08-03 16:10:00,4032.452562630424,2026-08-03 16:25:00,309.3877468402812,2.5000000000000386,TP,4.55097494783033,4048.38097494783,4032.452562630424,2
SELL,4031.94,2026-08-03 16:45:00,4037.4262728404374,2026-08-03 17:35:00,-126.84897620451831,-1.000000000000039,SL,5.486272840437109,4037.4262728404374,4018.2243178989074,2
SELL,4036.36,2026-08-03 17:45:00,4041.738737150925,2026-08-03 21:45:00,-125.5804864424646,-0.9999999999999716,SL,5.378737150924888,4041.738737150925,4022.913157122688,2
SELL,4050.1,2026-08-04 12:45:00,4053.1232806355615,2026-08-04 13:40:00,-124.32468157803585,-0.9999999999999382,SL,3.023280635561792,4053.1232806355615,4042.5417984110954,2
SELL,4075.16,2026-08-04 23:30:00,4077.824739549293,2026-08-04 23:40:00,-123.0814347622728,-1.0000000000000784,SL,2.664739549293036,4077.824739549293,4068.4981511267674,2
SELL,4076.54,2026-08-04 23:50:00,4078.884295508834,2026-08-05 01:25:00,-121.8506204146516,-1.0000000000000917,SL,2.344295508833751,4078.884295508834,4070.6792612279155,2
SELL,4075.79,2026-08-05 02:00:00,4069.23438063677,2026-08-05 02:00:00,301.5802855262246,2.499999999999915,TP,2.622247745292132,4078.412247745292,4069.23438063677,2
SELL,4071.5,2026-08-05 02:10:00,4074.4999993314,2026-08-05 02:15:00,-123.64791706576197,-1.000000000000047,SL,2.9999993313998354,4074.4999993314,4064.0000016715003,2
SELL,4068.29,2026-08-05 02:25:00,4071.4485745375678,2026-08-05 02:45:00,-122.41143789510686,-1.000000000000068,SL,3.1585745375675867,4071.4485745375678,4060.393563656081,2
SELL,4071.35,2026-08-05 02:55:00,4074.1631344182565,2026-08-05 03:15:00,-121.18732351614726,-0.9999999999999984,SL,2.8131344182566,4074.1631344182565,4064.3171639543584,2
SELL,4260.26,2026-08-06 07:50:00,4264.896370843443,2026-08-06 08:00:00,-119.97545028097699,-0.999999999999925,SL,4.636370843443167,4264.896370843443,4248.669072891393,2
SELL,4259.78,2026-08-06 08:10:00,4248.948308279129,2026-08-06 08:30:00,296.9392394454444,2.5000000000000324,TP,4.332676688348091,4264.112676688348,4248.948308279129,2
SELL,4261.92,2026-08-06 08:40:00,4266.467470346567,2026-08-06 08:45:00,-121.74508817263279,-1.0000000000000175,SL,4.547470346566945,4266.467470346567,4250.551324133583,2
SELL,4262.71,2026-08-06 09:10:00,4251.215007205609,2026-08-06 09:40:00,301.31909322725903,2.499999999999985,TP,4.597997117756341,4267.307997117757,4251.215007205609,2
SELL,4254.79,2026-08-06 09:50:00,4259.390630056172,2026-08-06 10:05:00,-123.54082822318007,-1.0000000000000255,SL,4.600630056172005,4259.390630056172,4243.28842485957,2
SELL,4259.75,2026-08-06 10:35:00,4263.9922605529055,2026-08-06 11:00:00,-122.30541994094018,-0.9999999999999596,SL,4.242260552905635,4263.9922605529055,4249.144348617736,2
SELL,4256.49,2026-08-06 14:50:00,4260.571238951169,2026-08-06 14:55:00,-121.08236574152377,-0.9999999999999012,SL,4.081238951169729,4260.571238951169,4246.286902622075,2
SELL,4264.1,2026-08-06 15:05:00,4268.523477396399,2026-08-06 15:30:00,-119.87154208410936,-0.9999999999999072,SL,4.423477396399404,4268.523477396399,4253.0413065090015,2
SELL,4255.54,2026-08-06 15:50:00,4241.620618088093,2026-08-06 16:05:00,296.6820666581899,2.499999999999928,TP,5.567752764763078,4261.107752764763,4241.620618088093,2
SELL,4238.4,2026-08-06 16:15:00,4245.257312684608,2026-08-06 16:20:00,-121.63964732985403,-0.9999999999999403,SL,6.8573126846089965,4245.257312684608,4221.256718288477,2
SELL,4247.64,2026-08-06 16:30:00,4254.6331508630055,2026-08-06 16:35:00,-120.42325085656401,-1.0000000000000104,SL,6.993150863005139,4254.6331508630055,4230.157122842487,2
SELL,4254.87,2026-08-06 18:30:00,4237.294246709169,2026-08-06 18:50:00,298.04754586999525,2.5000000000000204,TP,7.030301316332349,4261.900301316332,4237.294246709169,2
SELL,4237.84,2026-08-06 19:05:00,4245.0012020208815,2026-08-06 20:50:00,-122.19949380669392,-0.9999999999999744,SL,7.161202020881503,4245.0012020208815,4219.936994947796,2
SELL,4243.77,2026-08-06 21:35:00,4247.652661626301,2026-08-06 22:00:00,-120.97749886864149,-1.000000000000094,SL,3.8826616263000675,4247.652661626301,4234.063345934251,2
SELL,4240.0,2026-08-06 22:25:00,4243.9392832736075,2026-08-06 22:50:00,-119.76772387993486,-0.9999999999999262,SL,3.9392832736078343,4243.9392832736075,4230.151791815981,2
SELL,4242.23,2026-08-06 23:25:00,4246.355271804318,2026-08-07 02:30:00,-118.57004664113877,-0.999999999999953,SL,4.125271804318993,4246.355271804318,4231.916820489202,2
SELL,4244.6,2026-08-07 03:15:00,4236.91604605213,2026-08-07 03:35:00,293.4608654368328,2.500000000000003,TP,3.073581579148227,4247.673581579149,4236.91604605213,2
SELL,4234.53,2026-08-07 03:45:00,4238.434854433058,2026-08-07 04:00:00,-120.31895482911528,-1.0000000000001161,SL,3.9048544330576087,4238.434854433058,4224.7678639173555,2
SELL,4241.49,2026-08-07 04:25:00,4246.359791995657,2026-08-07 04:40:00,-119.11576528080481,-0.9999999999999554,SL,4.869791995657796,4246.359791995657,4229.315520010855,2
SELL,4331.91,2026-08-10 04:00:00,4336.007303786258,2026-08-10 04:00:00,-117.92460762800427,-1.0000000000000184,SL,4.09730378625765,4336.007303786258,4321.666740534356,2
SELL,4327.82,2026-08-10 04:25:00,4315.754103792732,2026-08-10 04:30:00,291.8634038793049,2.499999999999998,TP,4.826358482907021,4332.646358482907,4315.754103792732,2
SELL,4316.58,2026-08-10 04:40:00,4321.9012571381,2026-08-10 04:50:00,-119.66399559051146,-0.9999999999999698,SL,5.32125713810017,4321.9012571381,4303.276857154749,2
SELL,4322.29,2026-08-10 05:00:00,4327.564359775127,2026-08-10 05:20:00,-118.46735563460805,-0.999999999999984,SL,5.274359775126952,4327.564359775127,4309.104100562183,2
SELL,4325.27,2026-08-10 05:40:00,4330.332475865946,2026-08-10 07:10:00,-117.28268207825664,-0.9999999999999383,SL,5.062475865946311,4330.332475865946,4312.613810335135,2
SELL,4337.89,2026-08-10 13:50:00,4330.741453237775,2026-08-10 14:10:00,290.2746381437064,2.5000000000000275,TP,2.859418704890018,4340.749418704891,4330.741453237775,2
SELL,4332.92,2026-08-10 14:25:00,4335.9533587665765,2026-08-10 14:25:00,-119.01260163892825,-1.000000000000083,SL,3.0333587665761326,4335.9533587665765,4325.33660308356,2
SELL,4337.5,2026-08-10 14:35:00,4329.590208781233,2026-08-10 15:15:00,294.55618905631394,2.4999999999999254,TP,3.1639164875069614,4340.663916487507,4329.590208781233,2
SELL,4327.11,2026-08-10 15:25:00,4330.739215919076,2026-08-10 15:30:00,-120.76803751309347,-1.0000000000000104,SL,3.6292159190761217,4330.739215919076,4318.036960202309,2
SELL,4331.05,2026-08-10 15:40:00,4334.932185632001,2026-08-10 15:55:00,-119.56035713796513,-1.0000000000000322,SL,3.882185632000858,4334.932185632001,4321.344535919998,2
SELL,4329.08,2026-08-10 16:05:00,4333.31991125324,2026-08-10 16:05:00,-118.36475356659199,-1.0000000000000873,SL,4.239911253239909,4333.31991125324,4318.4802218669,2
SELL,4330.49,2026-08-10 16:25:00,4334.969054178045,2026-08-10 16:25:00,-117.18110603090557,-0.9999999999999133,SL,4.47905417804525,4334.969054178045,4319.292364554886,2
SELL,4330.71,2026-08-10 16:45:00,4318.618338558208,2026-08-10 16:55:00,290.02323742651873,2.5000000000000178,TP,4.8366645767167595,4335.5466645767165,4318.618338558208,2
SELL,4323.21,2026-08-10 17:05:00,4328.712157095367,2026-08-10 17:10:00,-118.90952734487493,-1.0000000000000258,SL,5.502157095366641,4328.712157095367,4309.454607261583,2
SELL,4379.29,2026-08-11 09:05:00,4363.505349578839,2026-08-11 09:25:00,294.3010801785583,2.500000000000005,TP,6.313860168464441,4385.603860168464,4363.505349578839,2
SELL,4367.96,2026-08-11 09:40:00,4374.892166255914,2026-08-11 11:40:00,-120.66344287320189,-0.9999999999999437,SL,6.932166255914516,4374.892166255914,4350.629584360214,2
SELL,4370.29,2026-08-11 12:45:00,4374.405647658378,2026-08-11 12:45:00,-119.45680844447008,-0.9999999999999449,SL,4.11564765837852,4374.405647658378,4360.000880854053,2
SELL,4375.78,2026-08-11 18:45:00,4382.403727951648,2026-08-11 18:55:00,-118.26224036003816,-1.0000000000000526,SL,6.6237279516477585,4382.403727951648,4359.22068012088,2
SELL,4380.56,2026-08-11 19:05:00,4365.642009837893,2026-08-11 21:00:00,292.6990448910727,2.4999999999999467,TP,5.967196064843065,4386.527196064843,4365.642009837893,2
SELL,4366.51,2026-08-11 21:20:00,4370.621318001658,2026-08-11 21:35:00,-120.00660840534451,-1.0000000000000184,SL,4.111318001658144,4370.621318001658,4356.231704995855,2
SELL,4370.94,2026-08-11 21:45:00,4375.185889351887,2026-08-12 01:10:00,-118.8065423212925,-1.0000000000000306,SL,4.245889351887724,4375.185889351887,4360.32527662028,2
SELL,4369.43,2026-08-12 02:00:00,4372.293362663377,2026-08-12 02:20:00,-117.61847689809024,-1.0000000000001215,SL,2.8633626633760447,4372.293362663377,4362.27159334156,2
SELL,4368.36,2026-08-12 02:35:00,4372.397566880521,2026-08-12 03:10:00,-116.44229212910501,-1.0000000000000857,SL,4.0375668805205525,4372.397566880521,4358.266082798698,2
SELL,4401.84,2026-08-12 20:00:00,4408.2391096499705,2026-08-12 20:20:00,-115.27786920779776,-0.9999999999999462,SL,6.399109649970686,4408.2391096499705,4385.842225875073,2
SELL,4406.44,2026-08-12 20:30:00,4412.128837762441,2026-08-12 21:30:00,-114.12509051572442,-0.9999999999999861,SL,5.688837762441914,4412.128837762441,4392.217905593895,2
SELL,4411.6,2026-08-12 22:40:00,4403.126966102652,2026-08-13 01:05:00,282.4595990264211,2.4999999999999925,TP,3.389213558939456,4414.98921355894,4403.126966102652,2
SELL,4402.96,2026-08-13 01:15:00,4405.531000292491,2026-08-13 02:10:00,-115.80843560081894,-0.9999999999998789,SL,2.5710002924909916,4405.531000292491,4396.532499268773,2
SELL,4402.39,2026-08-13 05:35:00,4408.3645366152095,2026-08-13 05:35:00,-114.65035124481683,-0.9999999999999307,SL,5.974536615209631,4408.3645366152095,4387.453658461976,2
SELL,4410.17,2026-08-13 05:45:00,4394.900654490173,2026-08-13 07:00:00,283.75961933094186,2.500000000000003,TP,6.1077382039307775,4416.277738203931,4394.900654490173,2
SELL,4395.76,2026-08-13 07:10:00,4399.943383054185,2026-08-13 08:10:00,-116.34144392567696,-0.9999999999999218,SL,4.183383054184887,4399.943383054185,4385.301542364538,2
SELL,4397.3,2026-08-13 08:35:00,4385.732432367181,2026-08-13 08:45:00,287.9450737160726,2.499999999999995,TP,4.627027053127685,4401.927027053128,4385.732432367181,2
SELL,4384.32,2026-08-13 08:55:00,4371.281464645956,2026-08-13 09:30:00,295.14370055897933,2.5000000000000364,TP,5.215414141617581,4389.535414141617,4371.281464645956,2
SELL,4373.93,2026-08-13 09:45:00,4379.026137102962,2026-08-13 09:50:00,-121.00891722918027,-1.000000000000004,SL,5.0961371029616,4379.026137102962,4361.189657242597,2
SELL,4380.49,2026-08-13 10:00:00,4368.861325423463,2026-08-13 11:00:00,299.49707014221616,2.4999999999999685,TP,4.651469830614646,4385.141469830614,4368.861325423463,2
SELL,4365.54,2026-08-13 11:10:00,4369.8819049378035,2026-08-13 11:20:00,-122.79379875830858,-0.9999999999999873,SL,4.341904937803575,4369.8819049378035,4354.685237655491,2
SELL,4372.4,2026-08-13 11:30:00,4376.650640017924,2026-08-13 11:45:00,-121.56586077071454,-0.999999999999897,SL,4.250640017924963,4376.650640017924,4361.773399955187,2
SELL,4373.99,2026-08-13 12:05:00,4377.856861460327,2026-08-13 12:10:00,-120.35020216303108,-1.0000000000000928,SL,3.8668614603271685,4377.856861460327,4364.322846349181,2
SELL,4383.84,2026-08-13 14:45:00,4387.141845841655,2026-08-13 14:55:00,-119.14670014140232,-1.0000000000001066,SL,3.301845841654188,4387.141845841655,4375.585385395864,2
SELL,4386.4,2026-08-13 15:20:00,4389.847385691841,2026-08-13 15:25:00,-117.95523313998308,-1.0000000000000633,SL,3.4473856918409727,4389.847385691841,4377.781535770398,2
SELL,4379.34,2026-08-13 16:45:00,4363.426755293755,2026-08-13 17:30:00,291.9392020214431,2.5000000000000315,TP,6.365297882497827,4385.705297882498,4363.426755293755,2
SELL,4377.49,2026-08-13 17:40:00,4385.237068242095,2026-08-13 17:45:00,-119.69507282878648,-0.9999999999999689,SL,7.747068242095579,4385.237068242095,4358.1223293947605,2
SELL,4377.97,2026-08-13 18:05:00,4360.52589338328,2026-08-13 18:30:00,296.2453052512564,2.500000000000005,TP,6.9776426466880235,4384.947642646688,4360.52589338328,2
SELL,4368.88,2026-08-13 18:40:00,4350.5538991831245,2026-08-13 22:10:00,303.65143788254454,2.50000000000006,TP,7.3304403267500735,4376.21044032675,4350.5538991831245,2
SELL,4347.64,2026-08-13 22:20:00,4351.562380665863,2026-08-13 22:25:00,-124.49708953184084,-1.000000000000004,SL,3.922380665862859,4351.562380665863,4337.834048335343,2
SELL,4350.66,2026-08-13 22:35:00,4354.339595598724,2026-08-14 01:05:00,-123.25211863651319,-0.999999999999929,SL,3.6795955987247795,4354.339595598724,4341.461011003188,2
SELL,4349.3,2026-08-14 02:05:00,4352.495556654017,2026-08-14 02:05:00,-122.01959745016966,-1.0000000000001052,SL,3.1955566540160634,4352.495556654017,4341.31110836496,2
SELL,4356.33,2026-08-14 03:00:00,4359.9508273563515,2026-08-14 03:00:00,-120.79940147564562,-0.9999999999999215,SL,3.6208273563518674,4359.9508273563515,4347.27793160912,2
SELL,4351.94,2026-08-14 03:15:00,4341.345596117068,2026-08-14 03:25:00,298.97851865224595,2.4999999999999947,TP,4.237761553172468,4356.177761553172,4341.345596117068,2
SELL,4345.68,2026-08-14 03:35:00,4333.565260196262,2026-08-14 03:45:00,306.45298161856135,2.5000000000000697,TP,4.8458959214951856,4350.525895921495,4333.565260196262,2
SELL,4339.18,2026-08-14 03:55:00,4324.234085965885,2026-08-14 04:10:00,314.1143061590229,2.5000000000000484,TP,5.978365613645904,4345.158365613646,4324.234085965885,2
SELL,4319.43,2026-08-14 04:30:00,4326.0888038413,2026-08-14 06:30:00,-128.7868655252042,-1.0000000000000562,SL,6.6588038412997665,4326.0888038413,4302.782990396751,2
SELL,4323.43,2026-08-14 07:00:00,4327.283142258208,2026-08-14 07:15:00,-127.49899686993852,-0.9999999999999499,SL,3.853142258207492,4327.283142258208,4313.797144354481,2
SELL,4319.73,2026-08-14 08:10:00,4312.334516151858,2026-08-14 08:30:00,315.5600172530999,2.49999999999989,TP,2.958193539256666,4322.688193539257,4312.334516151858,2
SELL,4322.23,2026-08-14 08:40:00,4325.693257545886,2026-08-14 08:50:00,-129.37960707376305,-0.999999999999896,SL,3.463257545886696,4325.693257545886,4313.571856135283,2
SELL,4373.78,2026-08-14 23:25:00,4376.20466992826,2026-08-14 23:35:00,-128.08581100302118,-0.9999999999998617,SL,2.4246699282606357,4376.20466992826,4367.7183251793485,2
SELL,4375.63,2026-08-14 23:45:00,4377.8829135730175,2026-08-17 01:00:00,-126.80495289298362,-0.9999999999998023,SL,2.2529135730178402,4377.8829135730175,4369.997716067455,2
SELL,4375.68,2026-08-17 01:15:00,4378.427661166602,2026-08-17 01:35:00,-125.53690336406085,-0.9999999999998564,SL,2.7476611666019686,4378.427661166602,4368.810847083495,2
SELL,4371.75,2026-08-17 02:50:00,4375.3182348669025,2026-08-17 03:00:00,-124.2815343304466,-1.0000000000000673,SL,3.568234866902218,4375.3182348669025,4362.829412832744,2
SELL,4372.48,2026-08-17 03:10:00,4376.174038057934,2026-08-17 03:10:00,-123.03871898714713,-1.0000000000001086,SL,3.694038057934048,4376.174038057934,4363.244904855164,2
SELL,4385.62,2026-08-17 15:30:00,4389.613001845939,2026-08-17 15:30:00,-121.80833179724999,-0.9999999999998989,SL,3.9930018459394376,4389.613001845939,4375.637495385151,2
SELL,4384.09,2026-08-17 15:55:00,4388.644807398674,2026-08-17 16:10:00,-120.59024847928535,-0.9999999999999629,SL,4.5548073986739706,4388.644807398674,4372.702981503316,2
SELL,4385.52,2026-08-17 16:20:00,4390.027825298752,2026-08-17 16:30:00,-119.38434599448553,-0.9999999999999044,SL,4.507825298751844,4390.027825298752,4374.250436753121,2
SELL,4388.35,2026-08-17 16:40:00,4392.800842054292,2026-08-17 16:45:00,-118.19050253456167,-1.000000000000081,SL,4.4508420542912095,4392.800842054292,4377.222894864272,2
SELL,4403.5,2026-08-17 22:10:00,4407.472079524446,2026-08-17 22:10:00,-117.00859750919469,-0.9999999999998994,SL,3.972079524446089,4407.472079524446,4393.569801188884,2
SELL,4403.98,2026-08-18 05:20:00,4391.90125615242,2026-08-18 06:50:00,289.59627883528754,2.5000000000000107,TP,4.831497539031968,4408.811497539032,4391.90125615242,2
SELL,4392.35,2026-08-18 07:15:00,4395.356220484431,2026-08-18 07:50:00,-118.73447432246542,-0.9999999999999833,SL,3.006220484430792,4395.356220484431,4384.8344487889235,2
SELL,4393.51,2026-08-18 08:00:00,4386.5320643631685,2026-08-18 08:30:00,293.86782394812275,2.5000000000001354,TP,2.7911742547325353,4396.301174254732,4386.5320643631685,2
SELL,4390.03,2026-08-18 08:40:00,4393.179139096251,2026-08-18 08:40:00,-120.4858078187077,-0.9999999999998649,SL,3.149139096251445,4393.179139096251,4382.157152259371,2
SELL,4394.36,2026-08-18 09:00:00,4397.602020557269,2026-08-18 09:20:00,-119.2809497405421,-1.0000000000000437,SL,3.242020557268774,4397.602020557269,4386.254948606827,2
SELL,4396.98,2026-08-18 10:35:00,4400.187511620696,2026-08-18 10:35:00,-118.08814024313321,-1.0000000000000147,SL,3.2075116206960486,4400.187511620696,4388.961220948259,2
SELL,4396.09,2026-08-18 11:00:00,4387.827867768159,2026-08-18 11:20:00,292.26814710174045,2.4999999999999156,TP,3.3048528927364917,4399.394852892737,4387.827867768159,2
SELL,4389.38,2026-08-18 11:30:00,4392.844627738859,2026-08-18 11:30:00,-119.82994031173037,-1.0000000000001068,SL,3.464627738858865,4392.844627738859,4380.718430652853,2
SELL,4393.23,2026-08-18 11:50:00,4396.883297918824,2026-08-18 13:35:00,-118.63164090860099,-1.0000000000000062,SL,3.653297918824114,4396.883297918824,4384.09675520294,2
SELL,4393.94,2026-08-18 14:05:00,4396.841957152857,2026-08-18 15:00:00,-117.44532449952924,-1.0000000000001277,SL,2.9019571528566233,4396.841957152857,4386.685107117858,2
SELL,4391.28,2026-08-18 15:10:00,4394.723751596775,2026-08-18 15:20:00,-116.27087125452181,-1.0000000000000246,SL,3.4437515967755705,4394.723751596775,4382.670621008061,2
SELL,4392.16,2026-08-18 15:45:00,4396.043234079137,2026-08-18 15:45:00,-115.10816254196826,-0.9999999999999526,SL,3.8832340791370394,4396.043234079137,4382.451914802157,2
SELL,4393.58,2026-08-18 15:55:00,4397.550186527419,2026-08-18 16:30:00,-113.95708091655295,-0.9999999999999903,SL,3.9701865274192114,4397.550186527419,4383.6545336814515,2
SELL,4390.96,2026-08-18 16:55:00,4397.679772166139,2026-08-18 17:00:00,-112.81751010738587,-0.9999999999999766,SL,6.719772166138839,4397.679772166139,4374.160569584653,2
SELL,4393.29,2026-08-18 17:15:00,4400.33781504678,2026-08-18 17:15:00,-111.68933500631462,-0.9999999999999998,SL,7.047815046779762,4400.33781504678,4375.67046238305,2
SELL,4389.74,2026-08-18 17:35:00,4370.8694313859405,2026-08-18 17:55:00,276.4311041406328,2.5000000000000364,TP,7.5482274456235965,4397.288227445623,4370.8694313859405,2
SELL,4375.63,2026-08-18 18:05:00,4352.527384430932,2026-08-18 18:20:00,283.3418817441461,2.5000000000000138,TP,9.241046227627107,4384.871046227628,4352.527384430932,2
SELL,4355.05,2026-08-18 18:30:00,4364.120174884339,2026-08-18 18:45:00,-116.17017151510275,-1.0000000000000298,SL,9.070174884338215,4364.120174884339,4332.374562789155,2
SELL,4364.54,2026-08-18 18:55:00,4344.301948177607,2026-08-18 22:45:00,287.5211744998723,2.500000000000014,TP,8.095220728957019,4372.635220728957,4344.301948177607,2
SELL,4345.74,2026-08-18 23:00:00,4334.556720032869,2026-08-18 23:20:00,294.7092038623575,2.4999999999999156,TP,4.473311986852574,4350.213311986852,4334.556720032869,2
SELL,4341.81,2026-08-19 01:05:00,4331.118748630958,2026-08-19 02:20:00,302.0769339589193,2.4999999999999414,TP,4.276500547616989,4346.086500547617,4331.118748630958,2
SELL,4330.52,2026-08-19 02:30:00,4334.056121179504,2026-08-19 02:50:00,-123.85154292315238,-0.9999999999999406,SL,3.536121179503635,4334.056121179504,4321.679697051241,2
SELL,4333.06,2026-08-19 03:00:00,4336.573697758311,2026-08-19 03:00:00,-122.61302749392807,-0.9999999999999989,SL,3.5136977583106312,4336.573697758311,4324.275755604223,2
SELL,4338.18,2026-08-19 04:00:00,4327.624831010043,2026-08-19 04:00:00,303.46724304746044,2.499999999999902,TP,4.222067595983192,4342.402067595984,4327.624831010043,2
SELL,4337.95,2026-08-19 04:20:00,4343.919151463163,2026-08-19 04:30:00,-124.42156964946311,-0.9999999999999964,SL,5.969151463163165,4343.919151463163,4323.027121342092,2
SELL,4344.9,2026-08-19 07:55:00,4347.786546294237,2026-08-19 07:55:00,-123.17735395296297,-0.9999999999999517,SL,2.886546294237772,4347.786546294237,4337.683634264406,2
SELL,4347.16,2026-08-19 08:05:00,4339.502904034105,2026-08-19 08:10:00,304.86395103358313,2.499999999999876,TP,3.0628383863580595,4350.222838386358,4339.502904034105,2
SELL,4341.47,2026-08-19 08:25:00,4344.824396271158,2026-08-19 08:25:00,-124.99421992378623,-1.0000000000000888,SL,3.354396271157086,4344.824396271158,4333.084009322108,2
SELL,4338.35,2026-08-19 08:35:00,4342.153790662375,2026-08-19 08:35:00,-123.74427772452646,-0.9999999999999126,SL,3.8037906623752544,4342.153790662375,4328.840523344063,2
SELL,4342.24,2026-08-19 08:45:00,4346.188931744598,2026-08-19 09:20:00,-122.50683494727863,-0.9999999999998909,SL,3.948931744599098,4346.188931744598,4332.367670638502,2
SELL,4343.2,2026-08-19 09:30:00,4347.865907816164,2026-08-19 09:55:00,-121.28176659780829,-0.99999999999991,SL,4.665907816164201,4347.865907816164,4331.535230459589,2
SELL,4492.76,2026-08-20 05:40:00,4498.126566299674,2026-08-20 06:30:00,-120.06894893184251,-1.0000000000000115,SL,5.366566299673588,4498.126566299674,4479.343584250816,2
SELL,4490.03,2026-08-20 07:30:00,4493.824796614958,2026-08-20 08:05:00,-118.86825944252743,-1.00000000000004,SL,3.794796614958462,4493.824796614958,4480.543008462603,2
SELL,4485.6,2026-08-20 08:15:00,4489.301335341024,2026-08-20 09:05:00,-117.67957684810622,-1.0000000000000748,SL,3.7013353410236007,4489.301335341024,4476.346661647442,2
SELL,4488.55,2026-08-20 10:05:00,4492.033732730844,2026-08-20 10:40:00,-116.50278107962923,-1.0000000000001106,SL,3.4837327308437818,4492.033732730844,4479.840668172891,2
SELL,4489.19,2026-08-20 10:50:00,4492.692983402423,2026-08-20 11:00:00,-115.33775326881108,-0.9999999999999222,SL,3.502983402423797,4492.692983402423,4480.43254149394,2
SELL,4490.38,2026-08-20 11:45:00,4480.797298159288,2026-08-20 13:00:00,285.46093934033826,2.5000000000000733,TP,3.83308073628457,4494.213080736285,4480.797298159288,2
SELL,4488.83,2026-08-20 13:25:00,4492.577149751228,2026-08-20 13:25:00,-117.03898512953737,-1.0000000000000173,SL,3.747149751227815,4492.577149751228,4479.462125621931,2
SELL,4487.66,2026-08-20 13:55:00,4478.854183172915,2026-08-20 14:40:00,289.6714881956128,2.5000000000001124,TP,3.5223267308336528,4491.182326730834,4478.854183172915,2
SELL,4466.87,2026-08-20 15:20:00,4452.515725396559,2026-08-20 15:30:00,296.9132754004938,2.50000000000003,TP,5.741709841376291,4472.611709841376,4452.515725396559,2
SELL,4462.73,2026-08-20 15:40:00,4469.208896157318,2026-08-20 15:45:00,-121.73444291420127,-1.000000000000002,SL,6.4788961573185455,4469.208896157318,4446.532759606704,2
SELL,4471.93,2026-08-20 15:55:00,4478.406040400011,2026-08-20 16:00:00,-120.51709848506498,-1.0000000000000497,SL,6.476040400010467,4478.406040400011,4455.739898999974,2
SELL,4472.61,2026-08-20 16:15:00,4479.108180181817,2026-08-20 16:35:00,-119.31192750021086,-1.0000000000000209,SL,6.498180181817452,4479.108180181817,4456.364549545456,2
